KUNNR,LAND1,NAME1,NAME2,ORT01,PSTLZ,REGIO,SORTL,STRAS,TELF1,AUFSD,ERDAT,ERNAM,KTOKD,LIFNR,LIFSD,LOEVM,NAME3,NAME4,COUNC,CITYC,SPERR,SPRAS,STCD1,STCD2,LZONE,XZEMP,VBUND,STCEG,KATR1,KATR2,KATR3,KATR4,KATR5,KATR6,KATR7,KATR8,KATR9,KATR10,TXJCD,KDKG1,KDKG2,KDKG3,KDKG4,KDKG5,STCD5,BUKRS,VKORG,VTWEG,SPART
1,ZZ,"ZZZZZZZZZZ,ZZ",,ZZZZZZ,28100,28,ZZZZZZZZ,"ZZZZZZZZZZZZZZZZZZZZZZ,4",999990990,,2005-04-07,ZZZZZZZ,1,10000127,,,,,,,,ZZ,Z28190551,,1,,,ZZZ28190551,,,,,,35,,,,,,Z0,Z4,,,,,G100,G100,20,10
3,ZZ,"ZZZZZZZZZZZZZZZ,ZZ",,ZZZZZZZ,1013,1,ZZZZZZZZZ,"ZZZZZZZZZZZZZZZZZZZZZZZZ,8",999999999,,2005-04-07,ZZZZZZZ,1,,,,,,,,,ZZ,Z01015999,,1,,,ZZZ01015999,,,,,,35,,,,,,Z0,Z1,,,,,G100,G100,20,10
7,ZZ,"ZZZZZZZZZZZZZZZZZ,ZZ",,ZZZZZZZZZZZZZZZZ,8210,8,ZZZZZZZZZZ,ZZZZZZZZZZZZ2ZZZZZZZZZZZZZ,999999990,,2005-04-07,ZZZZZZZ,1,10000182,,,,,,,,ZZ,Z58382516,,1,,,ZZZ58382516,,,,,,35,,,,,,Z0,Z2,,,,,G100,G100,20,10
30,ZZ,"ZZZZZZZZZZZZZZ,ZZ",,ZZZZZZZZZZ,2520,2,ZZZZZZZZZ,ZZZZZZZZZZZZ528ZZZZZZZZZZZZZ,999999099,,2005-04-07,ZZZZZZZ,1,10000323,,,,,,,,ZZ,Z02001980,,1,,,ZZZ02001980,,,,,,35,,,,,,Z0,Z1,,,,,G100,G100,20,10
31,ZZ,"ZZZZ,ZZ",,ZZZZZZZZ,31001,31,"ZZZZ,ZZ",ZZZZZZZZZZ3,,,2005-04-09,ZZZZZZ,1,,,,,,,,,ZZ,Z31072440,,1,,,ZZZ31072440,,,,,,,,,,,,,,,,,,G100,G100,20,10
39,ZZ,"ZZZZZZZZZZZZZZ,ZZ",,ZZZZZZ,2400,2,ZZZZZZZZZ,"ZZZZZZZZZZZZZ,7",999909999,,2005-04-07,ZZZZZZZ,1,10000686,,,,,,,,ZZ,Z02016855,,1,,,ZZZ02016855,,,,,,35,,,,,,Z0,Z1,,,,,G100,G100,20,10
45,ZZ,"ZZZZZZZZZZZZZZZZZZZZZZZ,ZZ",,ZZZZZZZZZZZZZZ,19300,19,ZZZZZZZZZ,"ZZZZZZZZZZZZZZZZZZZZZ,ZZ",999999999,,2005-04-07,ZZZZZZZ,1,10004190,,,,,,,,ZZ,Z19020718,,1,,,ZZZ19020718,,,,,,35,,,,,,Z0,Z1,,,,,G100,G100,20,10
46,ZZ,"ZZZZZZZZZZ,ZZ",,ZZZZZZ,2630,2,ZZZZZZZZZ,"ZZZZZZZZ,139",999990909,,2005-04-07,ZZZZZZZ,1,10000062,,,,,,,,ZZ,Z02004810,,1,,,ZZZ02004810,,,,,,35,,,,,,Z0,Z1,,,,,G100,G100,20,10
47,ZZ,"ZZZZZZZZZZZZZZZZZZ,ZZ",,ZZZZZZ,2630,2,ZZZZZZZZZ,"ZZZZZZZZZZZZZZZZZ,ZZ",999999999,,2005-04-07,ZZZZZZZ,1,10000294,,,,,,,,ZZ,Z02006617,,1,,,ZZZ02006617,,,,,,35,,,,,,Z0,Z1,,,,,G100,G100,20,10
48,ZZ,"ZZZZZZZZZZZZZZ,ZZZZZZZ",,ZZZZZZZZZZZ,46837,46,ZZZZZZZZ,ZZZZZZZZZZZ42,,,2005-04-09,ZZZZZZ,1,,,,,,,,,ZZ,20405695Z,,1,,,ZZ20405695Z,,,,,,,,,,,,,,,,,,G100,G100,20,10
51,ZZ,ZZZZZZZZZZZ,,ZZZZZZZZ,46014,46,ZZZZZZZZZZ,"ZZZZZZZZZZZZ,10",999999090,,2005-04-07,ZZZZZZZ,1,10000501,,,,,,,,ZZ,Z96352455,,1,,,ZZZ96352455,,,,,,35,,,,,,Z0,Z1,,,,,G100,G100,20,10
53,ZZ,"ZZZZZZZ,ZZ",,ZZZZZZZZZZZZZZZZZZZZZZZZZZZ,35219,35,ZZZZZZZ,"ZZZZZZZZZZZZZZZZZZZZZZ,ZZ",999900999,,2005-04-07,ZZZZZZZ,1,10000829,,,,,,,,ZZ,Z35105055,,1,,,ZZZ35105055,,,,,,35,,,,,,Z0,Z2,,,,,G100,G100,20,10
55,ZZ,"ZZZZZZZZZZZZZ,ZZ",,ZZZZZZZZ,3001,3,ZZZZZZZZZ,"ZZZZZZZZZZZZ,30",999909999,,2005-04-07,ZZZZZZZ,1,10000320,,,,,,,,ZZ,Z03035391,,1,,,ZZZ03035391,,,,,,35,,,,,,Z0,Z1,,,,,G100,G100,20,10
62,ZZ,"ZZZZZZZZZZZZ,ZZZZZ",,ZZZZZZZZ,3001,3,ZZZZZZZZZ,"ZZZZZZZZZZZZZZZ,45",999999099,,2005-04-07,ZZZZZZZ,1,10000324,,,,,,,,ZZ,21347565Z,,1,,,ZZ21347565Z,,,,,,35,,,,,,Z0,Z1,,,,,G100,G100,20,10
83,ZZ,"ZZZZZZZZZZZZZZZZZZ,ZZ",,ZZZZZZ,28020,28,ZZZZZZZZZ,"ZZZZZZ,682ZZZZZ",999999999,,2005-04-07,ZZZZZZZ,1,10000500,,,,,,,,ZZ,Z81246100,,1,,,ZZZ81246100,,,,,,35,,,,,,Z0,Z4,,,,,G100,G100,20,10
84,ZZ,"ZZZZZZZZZZZ,ZZZZZZ",,ZZZZZZZ,31300,31,ZZZZZZZZZ,"ZZZZZZZZZZZZZZ,7",,,2005-04-07,ZZZZZZZ,1,,,,,,,,,ZZ,15719005Z,,1,,,ZZ15719005Z,,,,,,35,,,,,,Z0,Z1,,,,,G100,G100,20,10
86,ZZ,"ZZZZZZZZZZZZZZZZZZZZZ,ZZ",,ZZZZZZZZZZZZZZZZZZZ,3839,3,ZZZZZZZZZ,ZZZZZZZZZZZZZZ3,999999999,,2005-04-07,ZZZZZZZ,1,10000321,,,,,,,,ZZ,Z03258993,,1,,,ZZZ03258993,,,,,,35,,,,,,Z0,Z1,,,,,G100,G100,20,10
94,ZZ,"ZZZZZZZZZZZZZZZZZZZ,ZZ",,ZZZZZZZZZZZZZZZZZZ,8272,8,ZZZZZZZZZZ,"ZZZZZZZZZZZZZZZZZZZZZZZ2,7",999999099,,2005-04-07,ZZZZZZZ,1,10000453,,,,,,,,ZZ,Z08612103,,1,,,ZZZ08612103,,,,,,35,,,,,,Z0,Z3,,,,,G100,G100,20,10
105,ZZ,"ZZZZZZZZZZZZZ,ZZZZZZZ",,ZZZZZZZZ,3010,3,ZZZZZZZZZ,ZZZZZZZZZZZZZZZZ2ZZZ44Z,,,2005-04-07,ZZZZZZZ,1,,,,,,,,,ZZ,,,1,,,,,,,,,35,,,,,,Z0,Z4,,,,,G100,G100,20,10
106,ZZ,"ZZZZZZZZZZZZZZZZ,ZZZZZZ",,ZZZZZZZZZ,20500,20,ZZZZZZZZZZ,"ZZZZZZZZZZZ,10",999999990,,2005-04-07,ZZZZZZZ,1,,,,,,,,,ZZ,72562228Z,,1,,,ZZ72562228Z,,,,,,35,,,,,,Z0,Z1,,,,,G100,G100,20,10
113,ZZ,ZZZZZZZZZZZZZZZZZZZZZ,,ZZZZZZZZ,31014,31,ZZZZZZZZZ,"ZZZZZZ,7",999990099,,2005-04-07,ZZZZZZZ,1,,,,,,,,,ZZ,Z31246036,,1,,,ZZZ31246036,,,,,,35,,,,,,Z0,Z1,,,,,G100,G100,20,10
114,ZZ,"ZZZZZZZZZZZ,ZZZZZ",,ZZZZZZ,31151,31,ZZZZZZZZ,"ZZZZZZZZZZZZZZZZZZZ,ZZ",999999999,,2005-04-07,ZZZZZZZ,1,,,,,,,,,ZZ,15805965Z,,1,,,ZZ15805965Z,,,,,,35,,,,,,Z0,Z1,,,,,G100,G100,20,10
125,ZZ,"ZZZZZZZZZZZZZZZ,ZZ",,ZZZZZZZZZZZZZZZZZ,32102,32,ZZZZZZZZZ,ZZZZZZZZZZZZZZZZ250,999999099,,2005-04-07,ZZZZZZZ,1,10000322,,,,,,,,ZZ,Z32175986,,1,,,ZZZ32175986,,,,,,35,,,,,,Z0,Z1,,,,,G100,G100,20,10
129,ZZ,"ZZZZZZZZZZZZZZZZ,ZZZZZZZZZ",,ZZZZZZZZ,31012,31,ZZZZZZZZZ,"ZZZZZZZZZZZ,5",,,2005-04-07,ZZZZZZZ,1,,,,,,,,,ZZ,15755167Z,,1,,,ZZ15755167Z,,,,,,35,,,,,,Z0,Z1,,,,,G100,G100,20,10
136,ZZ,"ZZZZZZZZZZZZZZZZZ,ZZ",,ZZZZZZ,32002,32,ZZZZZZZZZZ,"ZZZZZZZZZ,10ZZZZZZZ",,,2005-04-07,ZZZZZZZ,1,,,,,,,,,ZZ,Z32155905,,1,,,ZZZ32155905,,,,,,35,,,,,,Z0,Z2,,,,,G100,G100,20,10
137,ZZ,"ZZZZZZZ,ZZ",,ZZZZZZZZZZZ,8908,8,"ZZZZZZZ,","ZZZZZZZZZZZZZZ,135",999999000,,2005-04-07,ZZZZZZZ,1,10000033,,,,,,,,ZZ,Z08115032,,1,,,ZZZ08115032,,,,,,35,,,,,,Z0,Z3,,,,,G100,G100,20,10
152,ZZ,ZZZZZZ,,ZZZZZZ,48004,48,ZZZZZZ,"ZZZZZZZZZZZZZZZZZZZZ,4",999999990,,2005-04-07,ZZZZZZZ,1,10000307,,,,,,,,ZZ,Z48132658,,1,,,ZZZ48132658,,,,,,35,,,,,,Z0,Z1,,,,,G100,G100,20,10
155,ZZ,"ZZZZZZZZZZZZZZZZZZZZZZZZ,ZZ",,ZZZZZZZ,28915,28,ZZZZZZZZZ,"ZZZZZZZZ,61ZZZZZ",999999999,,2005-04-07,ZZZZZZZ,1,,,,,,,,,ZZ,Z81613911,,1,,,ZZZ81613911,,,,,,35,,,,,,Z0,Z3,,,,,G100,G100,20,10
176,ZZ,"ZZZZZZ,ZZ",,ZZZZZZZZZ,48960,48,"ZZZZZZ,Z",ZZZZZZZZZZZZZZZZZZ152ZZZZ3,999999990,,2005-04-07,ZZZZZZZ,1,,,,,,,,,ZZ,Z48416168,,1,,,ZZZ48416168,,,,,,35,,,,,,Z0,Z2,,,,,G100,G100,20,10
181,ZZ,"ZZZZZZZZZZZZZZZZZZZZZ,ZZ",,ZZZZZZZZZZ,13002,13,ZZZZZZZZZ,"ZZZZZZZZZZZZZZZZ,ZZ",999990999,,2005-04-07,ZZZZZZZ,1,10000480,,,,,,,,ZZ,Z13202460,,1,,,ZZZ13202460,,,,,,35,,,,,,Z0,Z2,,,,,G100,G100,20,10
192,ZZ,"ZZZZZ,ZZ",,ZZZZZZZZZZZZZ,28909,28,"ZZZZZ,Z",ZZZZZZZZZZZZZZ205ZZZZZZZZZ,999999999,,2005-04-07,ZZZZZZZ,1,10000616,,,,,,,,ZZ,Z28786853,,1,,,ZZZ28786853,,,,,,35,,,,,,Z0,Z1,,,,,G100,G100,20,10
194,ZZ,"ZZZZZZZZZZZZZZ,ZZZZ",,ZZZZZZZ,4003,4,ZZZZZZZZZ,"ZZZZZZZ,32",,,2005-04-07,ZZZZZZZ,1,10000515,,,,,,,,ZZ,27253039Z,,1,,,ZZ27253039Z,,,,,,35,,,,,,Z0,Z1,,,,,G100,G100,20,10
202,ZZ,"ZZZZZZZZZZZZZZ,ZZ",,ZZZZZZZZZ,5192,5,ZZZZZZZZZ,"ZZZZZZZZZZZZZZZZZZZZZ3,800",990999990,,2005-04-07,ZZZZZZZ,1,,,,,,,,,ZZ,Z05009006,,1,,,ZZZ05009006,,,,,,35,,,,,,Z0,Z1,,,,,G100,G100,20,10
209,ZZ,"ZZZZZZZZZZZZZZZZZZ,ZZZZZZ",,ZZZZZZZZZZZZ,20010,20,ZZZZZZZZZ,"ZZZZZZZZZZZZZZ,1",999999999,,2005-04-07,ZZZZZZZ,1,,,,,,,,,ZZ,72862247Z,,1,,,ZZ72862247Z,,,,,,35,,,,,,Z0,Z1,,,,,G100,G100,20,10
211,ZZ,"ZZZZZZZZZZZZZZZZZZZZZZZ,ZZ",,ZZZZZZZ,14014,14,ZZZZZZZZZ,"ZZZZZZZZZZZZZZZZZZZZ,102",999999999,,2005-04-07,ZZZZZZZ,1,10000615,,,,,,,,ZZ,Z14068431,,1,,,ZZZ14068431,,,,,,35,,,,,,Z0,Z2,,,,,G100,G100,20,10
215,ZZ,"ZZZZZZZZZZZZZZZZZZ,ZZ",,ZZZZZZZZZZZZZZZZZZZ,50830,50,ZZZZZZZZZ,"ZZZZZZZZZZZZZZZZZZZZZZZZZ,Z4",999999900,,2005-04-07,ZZZZZZZ,1,,,,,,,,,ZZ,Z50004324,,1,,,ZZZ50004324,,,,,,35,,,,,,Z0,Z2,,,,,G100,G100,20,10
217,ZZ,"ZZZZZZZZZZ,ZZ",,ZZZZZZZZ,30560,30,ZZZZZZZZZZ,"ZZZZZZZZZZZZZZZZZZZZ2,300",909999999,,2005-04-07,ZZZZZZZ,1,10000619,,,,,,,,ZZ,Z30469399,,1,,,ZZZ30469399,,,,,,35,,,,,,Z0,Z1,,,,,G100,G100,20,10
220,ZZ,"ZZZZZZZZZZZ,ZZZZZZZZZZZ",,ZZZZZZZZ,3340,3,ZZZZZZZZZ,"ZZZZZZZZZ,2",,,2005-04-07,ZZZZZZZ,1,,,,,,,,,ZZ,74157601Z,,1,,,ZZ74157601Z,,,,,,35,,,,,,Z0,Z1,,,,,G100,G100,20,10
221,ZZ,ZZZZZZZZZZZZZZZZZZZZZ,,ZZZZZZ,28906,28,ZZZZZZZZZ,"ZZZZZZZZZZZZZZZZZ16,500",999999999,,2005-04-07,ZZZZZZZ,1,,,,,,,,,ZZ,Z28425270,,1,,,ZZZ28425270,,,,,,35,,,,,,Z0,Z2,,,,,G100,G100,20,10
238,ZZ,"ZZZZZZZZZZZZZ,ZZZZ",,ZZZZZZ,2400,2,ZZZZZZZZ,"ZZZZZZZZZZZZZZZZZZZZZ,13",9999099999,,2005-04-07,ZZZZZZZ,1,,,,,,,,,ZZ,52751770Z,,1,,,ZZ52751770Z,,,,,,35,,,,,,Z0,Z1,,,,,G100,G100,20,10
241,ZZ,"ZZZZZZZZZZZ,ZZZZZZZZZ",,ZZZZZZZZZZZZZZZ,7015,7,ZZZZZZZZZ,"ZZZZZZZZZZZZZZZ,54",999909990,,2005-04-07,ZZZZZZZ,1,,,,,,,,,ZZ,Z28425270,,1,,,ZZZ28425270,,,,,,35,,,,,,Z0,Z2,,,,,G100,G100,20,10
258,ZZ,"ZZZZZZZZZZZZZ,ZZZZ",,ZZZZZZZ,41010,41,ZZZZZZZZZ,"ZZZZZZZZZZZZZZ,10ZZZZ43Z",,,2005-04-07,ZZZZZZZ,1,,,,,,,,,ZZ,27765835Z,,1,,,ZZ27765835Z,,,,,,35,,,,,,Z0,Z4,,,,,G100,G100,20,10
266,ZZ,"ZZZZZZZZZZZZ,ZZZZZZZZZ",,ZZZZZZ,48012,48,ZZZZZZZZZ,"ZZZZZZZZZZZZZ,42",,,2005-04-07,ZZZZZZZ,1,,,,,,,,,ZZ,30556585Z,,1,,,ZZ30556585Z,,,,,,35,,,,,,Z0,Z1,,,,,G100,G100,20,10
270,ZZ,"ZZZZZZZZZZZ,ZZ",,ZZZZZZZZZZ,7760,7,ZZZZZZZZZ,"ZZZZZZZZZZZZZZZZ0,200",999999999,,2005-04-07,ZZZZZZZ,1,10002923,,,,,,,,ZZ,Z07814015,,1,,,ZZZ07814015,,,,,,35,,,,,,Z0,Z3,,,,,G100,G100,20,10
272,ZZ,"ZZZZZZZZZZZZZZZZZZZZ,ZZ",,ZZZZZZZZZZZZZZZZZZZ,8193,8,ZZZZZZZZZ,ZZZZZZZZZZZZZZZ73,999999999,,2005-04-07,ZZZZZZZ,1,,,,,,,,,ZZ,Z59450288,,1,,,ZZZ59450288,,,,,,35,,,,,,Z0,Z3,,,,,G100,G100,20,10
292,ZZ,"ZZZZZZZZZZZZZ,ZZZZ",,ZZZZZZZZZZ,33930,33,ZZZZZZZZZ,"ZZZZZZZZZZZZ,2",,,2005-04-07,ZZZZZZZ,1,,,,,,,,,ZZ,10485695Z,,1,,,ZZ10485695Z,,,,,,35,,,,,,Z0,Z1,,,,,G100,G100,20,10
299,ZZ,"ZZZZZZZZZZZZZZZZZZZZZZZ,ZZ",,ZZZZZZZ,4700,4,ZZZZZZZZZZ,"ZZZZZZZZZZZZZZZZZZ,ZZ",990999990,,2005-04-07,ZZZZZZZ,1,10000523,,,,,,,,ZZ,Z04189601,,1,,,ZZZ04189601,,,,,,35,,,,,,Z0,Z2,,,,,G100,G100,20,10
305,ZZ,"ZZZZZZZZZZZZZ,ZZZZZ",,ZZZZZ,33204,33,ZZZZZZZZZ,"ZZZZZZZZZZZZZZZZZZZZZZ,55",999999999,,2005-04-07,ZZZZZZZ,1,,,,,,,,,ZZ,10315421Z,,1,,,ZZ10315421Z,,,,,,35,,,,,,Z0,Z1,,,,,G100,G100,20,10
314,ZZ,"ZZZZZZZZZ,ZZ",,ZZZZZZZZZZZZZZZZZZ,36600,36,ZZZZZZZ,"ZZZZZZZZZZZZZZ,96",999999999,,2005-04-07,ZZZZZZZ,1,,,,,,,,,ZZ,Z36263861,,1,,,ZZZ36263861,,,,,,35,,,,G,,Z0,Z1,,,,,G100,G100,20,10
315,ZZ,"ZZZZZZZZZZZ,ZZZZZZZZZZZZZ",,ZZZZZ,33201,33,ZZZZZZZZZ,"ZZZZZZ,35",,,2005-04-07,ZZZZZZZ,1,,,,,,,,,ZZ,10797850Z,,1,,,ZZ10797850Z,,,,,,35,,,,,,Z0,Z1,,,,,G100,G100,20,10
326,ZZ,"ZZZ4Z4,ZZ",,ZZZZZZZ,41000,41,ZZZ4Z4,ZZZZZZZZZZZZZZZZZZZZZ12,,,2005-04-07,ZZZZZZZ,1,,,,,,,,,ZZ,,,1,,,,,,,,,35,,,,,,Z0,Z1,,,,,G100,G100,20,10
327,ZZ,"ZZZZZZZ6,ZZZ",,ZZZZZZZZZ,37796,37,ZZZZZZZ6,ZZZZZZZZZZZZZZZZZZ5,999999999,,2005-04-07,ZZZZZZZ,1,10000834,,,,,,,,ZZ,Z37314101,,1,,,ZZZ37314101,,,,,,35,,,,,,Z0,Z1,,,,,G100,G100,20,10
337,ZZ,ZZZZZZZZZZZZZZZZZZZZZZZZZ,,ZZZZZZZ,23740,23,ZZZZZZZZZ,ZZZZZZZZZZZZZZZZZZZZZZ323,,,2005-04-07,ZZZZZZZ,1,10000518,,,,,,,,ZZ,Z23015845,,1,,,ZZZ23015845,,,,,,35,,,,,,Z0,Z2,,,,,G100,G100,20,10
359,ZZ,"ZZZZZZZZZZZZZZZZZZZZ,ZZ",,ZZZZZZZZZZ,24400,24,ZZZZZZZZZZ,"ZZZZZZZZZZZZZZZ,13",999999999,1,2005-04-07,ZZZZZZZ,1,10000775,1,,,,,,,ZZ,Z24255465,,1,,,ZZZ24255465,,,,,,35,,,,,,Z0,Z1,,,,,G100,G100,20,10
363,ZZ,"ZZZZZZ,ZZ",,ZZZZZZZZZ,29200,29,"ZZZZZZ,Z","ZZZZZZZZZZZZZZZZZZZ,13",999999999,,2005-04-07,ZZZZZZZ,1,10000555,,,,,,,,ZZ,Z29411212,,1,,,ZZZ29411212,,,,,,35,,,,,,Z0,Z1,,,,,G100,G100,20,10
367,ZZ,"ZZZZZZZZZZZZZ,ZZ",,ZZZZZZZ,41007,41,ZZZZZZZZ,"ZZZZZZZZZZZZZZ,9ZZZZZZZZZZZ",999990900,,2005-04-07,ZZZZZZZ,1,10000529,,,,,,,,ZZ,Z41696949,,Z110,,,ZZZ41696949,,,,,,35,,,,,,Z0,Z1,,,,,G100,G100,20,10
368,ZZ,"ZZZZZZZZZZZZZZZZZZZZZ,ZZ",,ZZZZZZZZZ,8013,8,ZZZZZZZZZ,"ZZZZZZZZZZZ,101103",999999999,,2005-04-07,ZZZZZZZ,1,,,,,,,,,ZZ,Z08173395,,1,,,ZZZ08173395,,,,,,35,,,,,,Z0,Z2,,,,,G100,G100,20,10
370,ZZ,"ZZZZZZZZZZZZZ,ZZ",,ZZZZZZZZZZZ,46837,46,ZZZZZZZZZ,"ZZZZZZZZ,76",999999999,,2005-04-07,ZZZZZZZ,1,,,,,,,,,ZZ,Z96849930,,1,,,ZZZ96849930,,,,,,35,,,,,,Z0,Z1,,,,,G100,G100,20,10
379,ZZ,"ZZZZZZZZZZZ,ZZ",,ZZZZZZZZZZZ,28980,28,ZZZZZZZZZ,ZZZZZZZZZZZZZZZZZZZZZZZZZ,999999999,,2005-04-07,ZZZZZZZ,1,,,,,,,,,ZZ,Z28425270,,1,,,ZZZ28425270,,,,,,35,,,,,,Z0,Z2,,,,,G100,G100,20,10
381,ZZ,"ZZZZZZZZZZZZZ,ZZZZZZZZ",,ZZZZZZZZ,3340,3,ZZZZZZZZZ,"ZZZZZZZZZZ,22",999999099,,2005-04-07,ZZZZZZZ,1,,,,,,,,,ZZ,21991532Z,,1,,,ZZ21991532Z,,,,,,35,,,,,,Z0,Z1,,,,,G100,G100,20,10
383,ZZ,"ZZZZZZZZZZZZZZZZZZZZZZ,ZZ",,ZZZZZZZZ,8734,8,ZZZZZZZZZ,"ZZZZZZZZ,1315ZZZZZZZZZZZZZZZ",999999999,,2005-04-07,ZZZZZZZ,1,10000541,,,,,,,,ZZ,Z59320143,,1,,,ZZZ59320143,,,,,,35,,,,,,Z0,Z2,,,,,G100,G100,20,10
391,ZZ,"ZZZZZZ,ZZ",,ZZZZZZZZ,8915,8,"ZZZZZZ,Z","ZZZZZZ,23",999909999,,2005-04-07,ZZZZZZZ,1,10000641,,,,,,,,ZZ,Z60306362,,1,,,ZZZ60306362,,,,,,35,,,,,,Z0,Z1,,,,,G100,G100,20,10
398,ZZ,ZZZZZZZZZZZZZ,,ZZZZZZZZZZZZZZZZZZZZZZ,35219,35,ZZZZZZZZZ,ZZZZZZZZZZZZZZZZZZZZZZZZZZZZ,999990090,,2005-04-07,ZZZZZZZ,1,,,,,,,,,ZZ,Z08389363,,1,,,ZZZ08389363,,,,,,35,,,,,,Z0,Z1,,,,,G100,G100,20,10
399,ZZ,ZZZZZZZZZZZZZZZZZZZZZ,,ZZZZZZZZZZZZZ,38509,38,ZZZZZZZZZ,ZZZZZZZZZZZZZZZZZZZ19,,,2005-04-19,ZZZZZZZ,2,,,,,,,,,ZZ,Z08389363,,Z110,,,ZZZ08389363,,,,,,35,,,,,,Z0,Z1,,,,,G100,G100,20,10
400,ZZ,"ZZZZZZZZZ,ZZZZZ",,ZZZZZZ,3100,3,ZZZZZZZZZ,"ZZZZZZZZ,2",999999909,,2005-04-07,ZZZZZZZ,1,,,,,,,,,ZZ,,,1,,,,,,,,,35,,,,,,Z0,Z1,,,,,G100,G100,20,10
410,ZZ,"ZZZZZZZZZZZZZZZZ,ZZ9094",,ZZZZZZZZZ,17469,17,ZZZZZZZZZ,ZZZZZZZZZZZZZZZZZZZZZZZZZZZ,999999000,,2005-04-07,ZZZZZZZ,1,10000556,,,,,,,,ZZ,Z17371758,,1,,,ZZZ17371758,,,,,,35,,,,,,Z0,Z2,,,,,G100,G100,20,10
411,ZZ,"ZZZZZZZZZZZZZZZZZZZ,ZZ",,ZZZZZZZZZZZZZZ,35118,35,ZZZZZZZZZZ,Z6ZZZZZZZZZZZZZZZZ,999999090,,2005-04-07,ZZZZZZZ,1,10000604,,,,,,,,ZZ,Z35329077,,1,,,ZZZ35329077,,,,,,35,,,,,,Z0,Z3,,,,,G100,G100,20,10
413,ZZ,"ZZZZZZZZZZZ,ZZ",,ZZZZZZZZZZZZZZZZZ,35550,35,ZZZZZZZZZZ,ZZZZZZZZZZZZZZZZZZZ4,999999999,,2005-04-07,ZZZZZZZ,1,,,,,,,,,ZZ,Z35280726,,1,,,ZZZ35280726,,,,,,35,,,,,,Z0,Z2,,,,,G100,G100,20,10
418,ZZ,"ZZZZZZZ,ZZ",,ZZZZZZZZZZZZZZZZ,8519,8,"ZZZZZZZ,","ZZZZZZZZZZZZ,152ZZ80",999909999,,2005-04-07,ZZZZZZZ,1,10000563,,,,,,,,ZZ,Z08665838,,1,,,ZZZ08665838,,,,,,35,,,,,,Z0,Z2,,,,,G100,G100,20,10
440,ZZ,"ZZZZZZZZ,ZZ",,ZZZZZZZZZZZZZZZZZZZZZ,8922,8,ZZZZZZZZ,"ZZZZZZZZZ,31",999999999,,2005-04-07,ZZZZZZZ,1,10000302,,,,,,,,ZZ,Z59920439,,1,,,ZZZ59920439,,,,,,35,,,,,,Z0,Z1,,,,,G100,G100,20,10
455,ZZ,"ZZZZZZZZZZZZZ,ZZZZZZZ",,ZZZZZZZZZ,8022,8,ZZZZZZZZZ,"ZZZZZZZZZZZZZZZZZZZ,5",,,2005-04-07,ZZZZZZZ,1,,,,,,,,,ZZ,37028685Z,,1,,,ZZ37028685Z,,,,,,35,,,,,,Z0,Z1,,,,,G100,G100,20,10
462,ZZ,"ZZZZZZZZZZZZ,ZZ",,ZZZZZZZZZZZZZZZZZZZZZ,33424,33,ZZZZZZZZZ,ZZZZZZZZZZZZZZZZZZZZZ8,999990990,,2005-04-07,ZZZZZZZ,1,10000199,,,,,,,,ZZ,Z33017971,,1,,,ZZZ33017971,,,,,,35,,,,,,Z0,Z1,,,,,G100,G100,20,10
468,ZZ,"ZZZZZZZZZZZZZZZZ,ZZ",,ZZZZZZZZZZZZZZZZZZZ,38009,38,ZZZZZZZZZ,"ZZZZZZZZZZZZZZZZZ,17ZZZZZZZZZ",999909009,,2005-04-07,ZZZZZZZ,1,,,,,,,,,ZZ,Z38025920,,1,,,ZZZ38025920,,,,,,35,,,,,,Z0,Z2,,,,,G100,G100,20,10
470,ZZ,"ZZZZZZZZZZZZZZZZZZZZZZZZ,ZZ",,ZZZZZZZZZZZZZ,33192,33,ZZZZZZZZZZ,ZZZZZZZZZZZZZZZZZZZZ,999999999,,2005-04-07,ZZZZZZZ,1,,,,,,,,,ZZ,Z33009374,,1,,,ZZZ33009374,,,,,,35,,,,,,Z0,Z2,,,,,G100,G100,20,10
477,ZZ,"ZZZZZZZZZZZ,ZZ",,ZZZZZZ,35412,35,ZZZZZZZZZ,"ZZZZZZZZZZZZ,46",999900999,,2005-04-07,ZZZZZZZ,1,,,,,,,,,ZZ,Z35081850,,1,,,ZZZ35081850,,,,,,35,,,,,,Z0,Z2,,,,,G100,G100,20,10
478,ZZ,"ZZZZZZZZZZZZZZZZZZ,ZZ",,ZZZZZZZZZZZZZZZZZZZZZ,35627,35,ZZZZZZZZZ,ZZZZZZZZZZZZZZZZZZZZZZZ,999999999,,2005-04-07,ZZZZZZZ,1,10004482,,,,,,,,ZZ,Z35325422,,1,,,ZZZ35325422,,,,,,35,,,,,,Z0,Z1,,,,,G100,G100,20,10
479,ZZ,ZZZZZZZZZZZZZZZZZZZZZZZZZZ,,ZZZZZZZZZZZZZZZZZ,35500,35,ZZZZZZZZZ,"ZZZZZZZZ,9",999999909,,2005-04-07,ZZZZZZZ,1,,,,,,,,,ZZ,Z35025634,,1,,,ZZZ35025634,,,,,,35,,,,,,Z0,Z2,,,,,G100,G100,20,10
487,ZZ,"ZZZZZZZZZZZZZZZZ,ZZ",,ZZZZZZZZZZZZZZZZZZZZ,35100,35,ZZZZZZZZZ,ZZZZZZZZZZZZZZZZZZZZ,999999999,,2005-04-07,ZZZZZZZ,1,,,,,,,,,ZZ,Z35416585,,1,,,ZZZ35416585,,,,,,35,,,,,,Z0,Z2,,,,,G100,G100,20,10
489,ZZ,ZZZZZZZZZZZZZZZZZZZZZ,,ZZZZ,36070,36,ZZZZZZZZZ,"ZZZZZZZZZZZZZZZ,13",,,2005-04-07,ZZZZZZZ,1,,,,,,,,,ZZ,Z36600583,,1,,,ZZZ36600583,,,,,,35,,,,,,Z0,Z2,,,,,G100,G100,20,10
498,ZZ,ZZZZZZZZZZZZZZZZZZ,,ZZZZZZZZZZZ,41700,41,ZZZZZZZZZ,"ZZZZZZZZZZZZZZZZZZZZ,4750",999999999,,2005-04-07,ZZZZZZZ,1,,,,,,,,,ZZ,Z28425270,,1,,,ZZZ28425270,,,,,,35,,,,,,Z0,Z2,,,,,G100,G100,20,10
500,ZZ,"ZZZZZZZZZZZZZZZZZZZZZZ,ZZ",,ZZZZ,36202,36,ZZZZZZZZZ,"ZZZZZZ,26",,,2005-04-07,ZZZZZZZ,1,,,,,,,,,ZZ,Z36606671,,1,,,ZZZ36606671,,,,,,35,,,,,,Z0,Z1,,,,,G100,G100,20,10
506,ZZ,ZZZZZZZZZZZZZZZZZZZZZZ,,ZZZZZZZZZZZZZZZ,46190,46,ZZZZZZZZZ,"ZZZZZZZZZZZZZZZZZZ,12ZZZZZ",999999909,,2005-04-07,ZZZZZZZ,1,,,,,,,,,ZZ,Z28425270,,1,,,ZZZ28425270,,,,,,35,,,,,,Z0,Z2,,,,,G100,G100,20,10
517,ZZ,ZZZZZZZZZZZZZZZZZZZZZZ,,ZZZZZZZZZZZZZ,8755,8,ZZZZZZZZZ,"ZZZZZZZZZZZZZZZZZZZZZZZ,ZZ",,,2005-04-07,ZZZZZZZ,1,,,,,,,,,ZZ,Z28425270,,1,,,ZZZ28425270,,,,,,35,,,,,,Z0,Z2,,,,,G100,G100,20,10
518,ZZ,"ZZZZZZZZZZZZZZZZZZZZZZ,ZZ",,ZZZZZ,33208,33,ZZZZZZZZZ,"ZZZZZZZZZZZ,140",999999999,,2005-04-07,ZZZZZZZ,1,10000632,,,,,,,,ZZ,Z33767161,,1,,,ZZZ33767161,,,,,,35,,,,,,Z0,Z1,,,,,G100,G100,20,10
525,ZZ,"ZZZZZZ,ZZ",,ZZZZZZZZZ,8004,8,"ZZZZZZ,Z","ZZZZZZZZZZZZZ,Z3ZZZZZZZZZZ",999999999,,2005-04-07,ZZZZZZZ,1,10000040,,,,,,,,ZZ,Z08855843,,1,,,ZZZ08855843,,,,,,35,,,,,,Z0,Z1,,,,,G100,G100,20,10
531,ZZ,"ZZZZZZZZZZZZZZZZZZZ,ZZZZZZZZZ",,ZZZZZZZZZZZZZZZZZZZ,8940,8,ZZZZZZZ,"ZZZZZZZZZZ,ZZZZZZZ4ZZZZZZZ",999999099,,2005-04-07,ZZZZZZZ,1,,,,,,,,,ZZ,Z20372223,,1,,,ZZZ20372223,,,,,,35,,,,,,Z0,Z2,,,,,G100,G100,20,10
536,ZZ,"ZZZZZZ,ZZ",,ZZZZZZZZZZZZZZZZZZ,36600,36,"ZZZZZZ,Z","ZZZZZZZZZZZZZ,17",,,2005-04-07,ZZZZZZZ,1,,,,,,,,,ZZ,Z36023224,,1,,,ZZZ36023224,,,,,,35,,,,,,Z0,Z1,,,,,G100,G100,20,10
545,ZZ,"ZZZZZZZZZZZ,ZZZZZZZZZZ",,ZZZZZZZZZZZZZZZZ,38109,38,ZZZZZZZZZ,"ZZZZZZZZZZZZZZZZZ6,9ZZZZZZZ",999999099,,2005-04-07,ZZZZZZZ,1,,,,,,,,,ZZ,Z28425270,,1,,,ZZZ28425270,,,,,,35,,,,,,Z0,Z2,,,,,G100,G100,20,10
549,ZZ,"ZZZ,ZZ",,ZZZZZZZZZZZZZZZZZZZ,8940,8,"ZZZ,ZZ","ZZZZZZZ,32ZZZZ,19",999999999,,2005-04-07,ZZZZZZZ,1,,,,,,,,,ZZ,Z58083619,,1,,,ZZZ58083619,,,,,,35,,,,,,Z0,Z1,,,,,G100,G100,20,10
553,ZZ,"ZZZZZZZZZZZZZZZZZZZ,ZZZZZZZZZ",,ZZZZZZZZZ,43005,43,ZZZZZZZZZ,"ZZZZZZZZZZZZZZZ,ZZ",999990999,,2005-04-07,ZZZZZZZ,1,10000593,,,,,,,,ZZ,Z20372223,,1,,,ZZZ20372223,,,,,,35,,,,,,Z0,Z2,,,,,G100,G100,20,10
565,ZZ,"ZZZZZZZZZZ,ZZZZZ",,ZZZZZZZZ,3012,3,ZZZZZZZZZ,"ZZZZZZZZ,45",9999999,,2005-04-07,ZZZZZZZ,1,,,,,,,,,ZZ,21486826Z,,1,,,ZZ21486826Z,,,,,,35,,,,,,Z0,Z1,,,,,G100,G100,20,10
566,ZZ,"ZZZZZZZZZZZZZZZZZZ,ZZ",,ZZZZZZZZZ,37008,37,ZZZZZZZZZ,ZZZZZZZZZZZZZZZZZZZZZZ18Z47,999990099,,2005-04-07,ZZZZZZZ,1,10000557,,,,,,,,ZZ,Z37015989,,1,,,ZZZ37015989,,,,,,35,,,,,,Z0,Z1,,,,,G100,G100,20,10
568,ZZ,"ZZZZZZZZ,ZZ",,ZZZZZZZZZZZZZZZZZZZZ,8980,8,ZZZZZZZZ,"ZZZZZ,384386ZZZZZZZZZZZZZZ",999999990,,2005-04-07,ZZZZZZZ,1,10000382,,,,,,,,ZZ,Z08424855,,1,,,ZZZ08424855,,,,,,35,,,,,,Z0,Z1,,,,,G100,G100,20,10
574,ZZ,"ZZZZZZZZZZZZZZZZZZZZZZZZZ,ZZ",,ZZZZZZ,20400,20,ZZZZZZZZZZ,ZZZZZZZZ17,999999999,,2005-04-07,ZZZZZZZ,1,,,,,,,,,ZZ,15217597Z,,1,,,ZZ15217597Z,,,,,,35,,,,,,Z0,Z1,,,,,G100,G100,20,10
577,ZZ,ZZZZZZZZZZZZZZZ,,ZZZZZZZZ,15407,15,ZZZZZZZ,ZZZZZZZZZZZZZZZZZZZZZZZ,999999999,,2005-04-07,ZZZZZZZ,1,,,,,,,,,ZZ,Z28581882,,1,,,ZZZ28581882,,,,,,35,,,,,,Z0,Z2,,,,,G100,G100,20,10
578,ZZ,ZZZZZZZZZZZZZZZZZZZZZZZZZZZ,,ZZZZZZZZZZZZZZZZZZZZ,15703,15,ZZZZZZZ,"ZZZZZZZZZZ,ZZ",999999099,,2005-04-07,ZZZZZZZ,1,,,,,,,,,ZZ,Z28581882,,1,,,ZZZ28581882,,,,,,35,,,,,,Z0,Z2,,,,,G100,G100,20,10
580,ZZ,ZZZZZZZZZZZZZZZZZZZZZZZZZ,,ZZZZZZZZZZZZZZZZZZ,8830,8,ZZZZZZZ,"ZZZZZZZZZZZZZZ,ZZZZZZZZZZZ",999909999,,2005-04-07,ZZZZZZZ,1,,,,,,,,,ZZ,Z28581882,,1,,,ZZZ28581882,,,,,,35,,,,,,Z0,Z2,,,,,G100,G100,20,10
581,ZZ,ZZZZZZZZZZZZZZZZZZZZZZ,,ZZZZZZZZZZZZZZZ,28805,28,ZZZZZZZ,ZZZZZZZZZZZZZZZZZZZZZZZZ34,999999990,,2005-04-07,ZZZZZZZ,1,,,,,,,,,ZZ,Z28581882,,1,,,ZZZ28581882,,,,,,35,,,,,,Z0,Z2,,,,,G100,G100,20,10
582,ZZ,ZZZZZZZZZZZZ,,ZZZZZ,33211,33,ZZZZZZZ,ZZZZZZZ630ZZ467,999999999,,2005-04-07,ZZZZZZZ,1,,,,,,,,,ZZ,Z28581882,,1,,,ZZZ28581882,,,,,,35,,,,,,Z0,Z2,,,,,G100,G100,20,10
583,ZZ,ZZZZZZZZZZZZZZZ,,ZZZZZZZZ,46120,46,ZZZZZZZ,"ZZZZZZZZZZ7ZZ4,500",999999999,,2005-04-07,ZZZZZZZ,1,,,,,,,,,ZZ,Z28581882,,1,,,ZZZ28581882,,,,,,35,,,,,,Z0,Z2,,,,,G100,G100,20,10
