KUNNR,LAND1,NAME1,NAME2,ORT01,PSTLZ,REGIO,SORTL,STRAS,TELF1,TELFX,XCPDK,ADRNR,MCOD1,MCOD2,MCOD3,ANRED,AUFSD,BAHNE,BAHNS,BBBNR,BBSNR,BEGRU,BRSCH,BUBKZ,DATLT,ERDAT,ERNAM,EXABL,FAKSD,FISKN,KNAZK,KNRZA,KONZS,KTOKD,KUKLA,LIFNR,LIFSD,LOCCO,LOEVM,NAME3,NAME4,NIELS,ORT02,PFACH,PSTL2,COUNC,CITYC,RPMKR,SPERR,SPRAS,STCD1,STCD2,STKZA,STKZU,TELBX,TELF2,TELTX,TELX1,LZONE,XZEMP,VBUND,STCEG,DEAR1,DEAR2,DEAR3,DEAR4,DEAR5,GFORM,BRAN1,BRAN2,BRAN3,BRAN4,BRAN5,EKONT,UMSAT,UMJAH,UWAER,JMZAH,JMJAH,KATR1,KATR2,KATR3,KATR4,KATR5,KATR6,KATR7,KATR8,KATR9,KATR10,STKZN,UMSA1,TXJCD,PERIV,ABRVW,INSPBYDEBI,INSPATDEBI,KTOCD,PFORT,WERKS,DTAMS,DTAWS,DUEFL,HZUOR,SPERZ,ETIKG,CIVVE,MILVE,KDKG1,KDKG2,KDKG3,KDKG4,KDKG5,XKNZA,FITYP,STCDT,STCD3,STCD4,STCD5,STCD6,XICMS,XXIPI,XSUBT,CFOPC,TXLW1,TXLW2,CCC01,CCC02,CCC03,CCC04,CASSD,KNURL,J_1KFREPRE,J_1KFTBUS,J_1KFTIND,CONFS,UPDAT,UPTIM,NODEL,DEAR6,SUFRAMA,RG,EXP,UF,RGDATE,RIC,RNE,RNEDATE,CNAE,LEGALNAT,CRTN,ICMSTAXPAY,INDTYP,TDT,COMSIZE,DECREGPC,/VSO/R_PALHGT,/VSO/R_PAL_UL,/VSO/R_PK_MAT,/VSO/R_MATPAL,/VSO/R_I_NO_LYR,/VSO/R_ONE_MAT,/VSO/R_ONE_SORT,/VSO/R_ULD_SIDE,/VSO/R_LOAD_PREF,/VSO/R_DPOINT,ALC,PMT_OFFICE,PSOFG,PSOIS,PSON1,PSON2,PSON3,PSOVN,PSOTL,PSOHS,PSOST,PSOO1,PSOO2,PSOO3,PSOO4,PSOO5,ZEORI
1,ZZ,"""ZZZ ZZZZÑZZZ, Z.Z.""",,ZZZZZZ,28100,28,ZZZ ZZZZÑZ,"""Z.Z.ZZZZZZZZZZ Z/.ZZZZZZZZZ, 4""",999990990,999999990,,2122,"""ZZZ ZZZZÑZZZ, Z.Z.""",,ZZZZZZ,,,,,8480012,0,,,7,,4/7/05,ZZZZZZZ,,,,,,,1,,10000127,,,,,,Z4,,,,,,,,ZZ,Z28190551,,,,,,,,1,,,ZZZ28190551,,,,,,,,,,,,,0,0,,0,0,,,,,,35,,,,,,0,,,,,,,,,,,Z,0,,,Z,,Z0,Z4,,,,,,,,,,,,,,,,,,,,,,,,,,,,12:00:00 ZZ,,,,,,,,0,,,,0,,,,,,,0,,,,0,,,0,0,,,,,,,,,,,,,,,,,,
3,ZZ,"""ZZZZZZZZZ ZZZZZZ, Z.Z.""",,ZZZZZZZ,1013,1,ZZZZZZZZZ,"""ZZZZZ.ZZZ.ZZZZÑZ- Z/ZZZZZZZZZZ, 8""",999999999,999999999,,1567,"""ZZZZZZZZZ ZZZZZZ, Z.Z.""",,ZZZZZZZ,,,,,0,0,,,0,,4/7/05,ZZZZZZZ,,,,,,,1,,,,,,,,Z6,,,,,,,,ZZ,Z01015999,,,,,,,,1,,,ZZZ01015999,,,,,,,,,,,,,0,0,,0,0,,,,,,35,,,,,,0,,,,,,,,,,,Z,0,,,Z,,Z0,Z1,,,,,,,,,,,,,,,,,,,,,,,,,,,,12:00:00 ZZ,,,,,,,,0,,,,0,,,,,,,0,,,,0,,,0,0,,,,,,,,,,,,,,,,,,
7,ZZ,"""ZZZZZZZZZZZ ZZZZZZ, Z.Z.""",,ZZZZZZZ ZZZ ZZZZZZ,8210,8,ZZZZZZZZZZ,Z/ZZZZZZZZZZ Zº2 ZZZ.ZZZ.ZZZZZZZ,999999990,999999999,,1744,"""ZZZZZZZZZZZ ZZZZZZ, Z.Z.",,ZZZZZZZ ZZZ ZZZZZZ,,,,,8431236,0,,,7,,4/7/05,ZZZZZZZ,,,,,,,1,,10000182,,,,,,Z1,,,,,,,,ZZ,Z58382516,,,,,,,,1,,,ZZZ58382516,,,,,,,,,,,,,0,0,,0,0,,,,,,35,,,,,,0,,,,,,,,,,,Z,0,,,Z,,Z0,Z2,,,,,,,,,,,,,,,,,,,,,,,,,,,,12:00:00 ZZ,,,,,,,,0,,,,0,,,,,,,0,,,,0,,,0,0,,,,,,,,,,,,,,,,,,
30,ZZ,"""ZZZZZZ ZZZZZZZZ, Z.Z.""",,ZZZZZZZZZZ,2520,2,ZZZZZZ ZZZ,ZZZ.ZZZZZZZ ZZ.528-Z.Z.ZZZZZZZZZZZ,999999099,999999099,,1786,"""ZZZZZZ ZZZZZZZZ, Z.Z.""",,ZZZZZZZZ,,,,,8481067,0,,,4,,4/7/05,ZZZZZZZ,,,,,,,1,,10000323,,,,,,Z2,,,,,,,,ZZ,Z02001980,,,,,,,,1,,,ZZZ02001980,,,,,,,,,,,,,0,0,,0,0,,,,,,35,,,,,,0,,,,,,,,,,,Z,0,,,Z,,Z0,Z1,,,,,,,,,,,,,,,,,,,,,,,,,,,,12:00:00 ZZ,,,,,,,,0,,,,0,,,,,,,0,,,,0,,,0,0,,,,,,,,,,,,,,,,,,
31,ZZ,"""ZZZZ, Z.Z.""",,ZZZZZZZZ,31001,31,"""ZZZZ, Z.Z",ZZZZZZZZZZ 3,,,,2540,"""ZZZZ, Z.Z.""",,ZZZZZZZZ,ZZZZZZZ,,,,0,0,,,0,,4/9/05,ZZZZZZ,,,,,,,1,,,,,,,,,,,,,,,,ZZ,Z31072440,,,,,,,,1,,,ZZZ31072440,,,,,,,,,,,,,0,0,,0,0,,,,,,,,,,,,0,,,,,,,,,,,Z,0,,,Z,,,,,,,,,,,,,,,,,,,,,,,,,,,,,,,12:00:00 ZZ,,,,,,,,0,,,,0,,,,,,,0,,,,0,,,0,0,,,,,,,,,,,,,,,,,,
39,ZZ,"""ZZZZZZZZZ ZZZZZ, Z.Z.""",,ZZZZZZ,2400,2,ZZZZZZZZZ,"""ZZZ ZZZZ ZZ ZZZZ, 7""",999909999,999999999,,1574,"""ZZZZZZZZZ ZZZZZ, Z.Z.""",,ZZZZZZ,,,,,8431966,0,,,1,,4/7/05,ZZZZZZZ,,,,,,,1,,10000686,,,,,,Z2,,,,,,,,ZZ,Z02016855,,,,,,,,1,,,ZZZ02016855,,,,,,,,,,,,,0,0,,0,0,,,,,,35,,,,,,0,,,,,,,,,,,Z,0,,,Z,,Z0,Z1,,,,,,,,,,,,,,,,,,,,,,,,,,,,12:00:00 ZZ,,,,,,,,0,,,,0,,,,,,,0,,,,0,,,0,0,,,,,,,,,,,,,,,,,,
45,ZZ,"""ZZZZZZZZZ ZZZZZZ ZZZZZZZZ,Z.Z.""",,ZZZZZZ ZZ ZZZZZZ,19300,19,ZZZZZZZZZ,"""ZZZZZZZZZ ZZZ ZZZZZZZZZ, Z/Zº.""",999999999,,,1573,"""ZZZZZZZZZ ZZZZZZ ZZZZZZZ",,ZZZZZZ ZZ ZZZZZZ,,,,,8428499,0,,,4,,4/7/05,ZZZZZZZ,,,,,,,1,,10004190,,,,,,Z4,,,,,,,,ZZ,Z19020718,,,,,,,,1,,,ZZZ19020718,,,,,,,,,,,,,0,0,,0,0,,,,,,35,,,,,,0,,,,,,,,,,,Z,0,,,Z,,Z0,Z1,,,,,,,,,,,,,,,,,,,,,,,,,,,,12:00:00 ZZ,,,,,,,,0,,,,0,,,,,,,0,,,,0,,,0,0,,,,,,,,,,,,,,,,,,
46,ZZ,"""ZZZZZZ ZZZZ, Z.Z.""",,ZZ ZZZZ,2630,2,ZZZZZZ ZZZ,"""ZZZZZZZZ, 139""",999990909,999999999,,1787,"""ZZZZZZ ZZZZ, Z.Z.""",,ZZ ZZZZ,,,,,0,0,,,0,,4/7/05,ZZZZZZZ,,,,,,,1,,10000062,,,,,,Z2,,,,,,,,ZZ,Z02004810,,,,,,,,1,,,ZZZ02004810,,,,,,,,,,,,,0,0,,0,0,,,,,,35,,,,,,0,,,,,,,,,,,Z,0,,,Z,,Z0,Z1,,,,,,,,,,,,,,,,,,,,,,,,,,,,12:00:00 ZZ,,,,,,,,0,,,,0,,,,,,,0,,,,0,,,0,0,,,,,,,,,,,,,,,,,,
47,ZZ,"""ZZZZZZZZZ ZZZZZZZZZ, Z.Z.""",,ZZ ZZZZ,2630,2,ZZZZZZZZZ,"""ZZZZ. ZZ ZZZZZZZZZZZ, Z/Z""",999999999,999999909,,1569,"""ZZZZZZZZZ ZZZZZZZZZ, Z.Z",,ZZ ZZZZ,,,,,8430522,0,,,4,,4/7/05,ZZZZZZZ,,,,,,,1,,10000294,,,,,,Z2,,,,,,,,ZZ,Z02006617,,,,,,,,1,,,ZZZ02006617,,,,,,,,,,,,,0,0,,0,0,,,,,,35,,,,,,0,,,,,,,,,,,Z,0,,,Z,,Z0,Z1,,,,,,,,,,,,,,,,,,,,,,,,,,,,12:00:00 ZZ,,,,,,,,0,,,,0,,,,,,,0,,,,0,,,0,0,,,,,,,,,,,,,,,,,,
48,ZZ,"""ZZZZZZZZ ZZZZZZ, ZZZZZZZ""",,ZZZZZZZZZZZ,46837,46,ZZZZZZZZ,ZZZZZ ZZ ZZ ZZ 42,,,,2535,"""ZZZZZZZZ ZZZZZZ, ZZZZZZZ",,ZZZZZZZZZZZ,ZZñZZZ,,,,0,0,,,0,,4/9/05,ZZZZZZ,,,,,,,1,,,,,,,,,,,,,,,,ZZ,20405695Z,,,,,,,,1,,,ZZ20405695Z,,,,,,,,,,,,,0,0,,0,0,,,,,,,,,,,,0,,,,,,,,,,,Z,0,,,Z,,,,,,,,,,,,,,,,,,,,,,,,,,,,,,,12:00:00 ZZ,,,,,,,,0,,,,0,,,,,,,0,,,,0,,,0,0,,,,,,,,,,,,,,,,,,
51,ZZ,ZZZZZZZZZZZ,,ZZZZZZZZ,46014,46,ZZZZZZZZZZ,"""ZZZZZZZZZZZZ,10""",999999090,999990999,,1729,ZZZZZZZZZZZ,,ZZZZZZZZ,,,,,8427960,167,,,0,,4/7/05,ZZZZZZZ,,,,,,,1,,10000501,,,,,,Z2,,,,,,,,ZZ,Z96352455,,,,,,,,1,,,ZZZ96352455,,,,,,,,,,,,,0,0,,0,0,,,,,,35,,,,,,0,,,,,,,,,,,Z,0,,,Z,,Z0,Z1,,,,,,,,,,,,,,,,,,,,,,,,,,,,12:00:00 ZZ,,,,,,,,0,,,,0,,,,,,,0,,,,0,,,0,0,,,,,,,,,,,,,,,,,,
53,ZZ,"""ZZZZZZZ, Z.Z.""",,ZZZZZ (ZZZ ZZZZZZ ZZ ZZZZ ZZZZZZZ),35219,35,ZZZZZZZ,"""Z.Z ZZ ZZZZ Z/ ZZZZZZZZ ZZZZZ, Z/Z",999900999,999999009,,1678,"""ZZZZZZZ, Z.Z.""",,ZZZZZ (ZZZ ZZZZZZ ZZ ZZZZ,,,,,8425228,0,,,7,,4/7/05,ZZZZZZZ,,,,,,,1,,10000829,,,,,,Z0,,,,,,,,ZZ,Z35105055,,,,,,,,1,,,ZZZ35105055,,,,,,,,,,,,,0,0,,0,0,,,,,,35,,,,,,0,,,,,,,,,,,Z,0,,,Z,,Z0,Z2,,,,,,,,,,,,,,,,,,,,,,,,,,,,12:00:00 ZZ,,,,,,,,0,,,,0,,,,,,,0,,,,0,,,0,0,,,,,,,,,,,,,,,,,,
55,ZZ,"""ZZZZZZZ ZZZZZZ, Z.Z.""",,ZZZZZZZZ,3001,3,ZZZZZZZ ZZ,"""ZZZ ZZZZZZZZZ, 30""",999909999,999999999,,2203,"""ZZZZZZZ ZZZZZZ, Z.Z.""",,ZZZZZZZZ,,,,,0,0,,,0,,4/7/05,ZZZZZZZ,,,,,,,1,,10000320,,,,,,Z2,,,,,,,,ZZ,Z03035391,,,,,,,,1,,,ZZZ03035391,,,,,,,,,,,,,0,0,,0,0,,,,,,35,,,,,,0,,,,,,,,,,,Z,0,,,Z,,Z0,Z1,,,,,,,,,,,,,,,,,,,,,,,,,,,,12:00:00 ZZ,,,,,,,,0,,,,0,,,,,,,0,,,,0,,,0,0,,,,,,,,,,,,,,,,,,
62,ZZ,"""ZZZZZ ZZZZZZZ, ZZZZZ""",,ZZZZZZZZ,3001,3,ZZZZZ ZZZZ,"""ZZZZZZZ Z ZZ ZZZZZ, 45""",999999099,999999099,,2146,"""ZZZZZ ZZZZZZZ, ZZZZZ""",,ZZZZZZZZ,,,,,8480024,523,,,6,,4/7/05,ZZZZZZZ,,,,,,,1,,10000324,,,,,,Z2,,,,,,,,ZZ,21347565Z,,,,,,,,1,,,ZZ21347565Z,,,,,,,,,,,,,0,0,,0,0,,,,,,35,,,,,,0,,,,,,,,,,,Z,0,,,Z,,Z0,Z1,,,,,,,,,,,,,,,,,,,,,,,,,,,,12:00:00 ZZ,,,,,,,,0,,,,0,,,,,,,0,,,,0,,,0,0,,,,,,,,,,,,,,,,,,
83,ZZ,"""ZZZZZZZ ZZ ZZZZ. Z ZZZZ., Z.Z.""",,ZZZZZZ,28020,28,ZZZZZZZ ZZ,"""ZZZZZZ, 68-2º ZZZZZ""",999999999,999999999,,2083,"""ZZZZZZZ ZZ ZZZZ. Z ZZZZ.",,ZZZZZZ,,,,,8427960,0,,,0,,4/7/05,ZZZZZZZ,,,,,,,1,,10000500,,,,,,ZZ,,,,,,,,ZZ,Z81246100,,,,,,,,1,,,ZZZ81246100,,,,,,,,,,,,,0,0,,0,0,,,,,,35,,,,,,0,,,,,,,,,,,Z,0,,,Z,,Z0,Z4,,,,,,,,,,,,,,,,,,,,,,,,,,,,12:00:00 ZZ,,,,,,,,0,,,,0,,,,,,,0,,,,0,,,0,0,,,,,,,,,,,,,,,,,,
84,ZZ,"""ZZZZZZ ZZZZZ, ZZZZZZ""",,ZZZZZZZ,31300,31,ZZZZZZ ZZZ,"""ZZZZZZ ZZZZZZZZ, 7""",,,,1719,"""ZZZZZZ ZZZZZ, ZZZZZZ""",,ZZZZZZZ,,,,,0,0,,,0,,4/7/05,ZZZZZZZ,,,,,,,1,,,,,,,,Z6,,,,,,,,ZZ,15719005Z,,,,,,,,1,,,ZZ15719005Z,,,,,,,,,,,,,0,0,,0,0,,,,,,35,,,,,,0,,,,,,,,,,,Z,0,,,Z,,Z0,Z1,,,,,,,,,,,,,,,,,,,,,,,,,,,,12:00:00 ZZ,,,,,,,,0,,,,0,,,,,,,0,,,,0,,,0,0,,,,,,,,,,,,,,,,,,
86,ZZ,"""ZZZZZZZZ Z ZZZZZ. ZZZZZZZ,Z.Z.""",,ZZZZ ZZ ZZZZZ (ZZZZZZZZ),3839,3,ZZZZZZZZ Z,ZZZZ.ZZZZ-ZZZZ ZZ.3,999999999,999999999,,2231,"""ZZZZZZZZ Z ZZZZZ. ZZZZZZ",,ZZZZ ZZ ZZZZZ (ZZZZZZZZ),,,,,8430576,0,,,5,,4/7/05,ZZZZZZZ,,,,,,,1,,10000321,,,,,,Z2,,,,,,,,ZZ,Z03258993,,,,,,,,1,,,ZZZ03258993,,,,,,,,,,,,,0,0,,0,0,,,,,,35,,,,,,0,,,,,,,,,,,Z,0,,,Z,,Z0,Z1,,,,,,,,,,,,,,,,,,,,,,,,,,,,12:00:00 ZZ,,,,,,,,0,,,,0,,,,,,,0,,,,0,,,0,0,,,,,,,,,,,,,,,,,,
94,ZZ,"""ZZZZZZZZZZZZZ ZZZZZZ, Z.Z.""",,ZZZZ ZZZZZZZ ZZ ZZZZZ,8272,8,ZZZZZZZZZZ,"""ZZZZZZZZZ ZZZZZZZ-ZZZZZ ZZ.2,7""",999999099,999999999,,2296,"""ZZZZZZZZZZZZZ ZZZZZZ, Z.",,ZZZZ ZZZZZZZ ZZ ZZZZZ,,,,,8428106,0,,,7,,4/7/05,ZZZZZZZ,,,,,,,1,,10000453,,,,,,Z1,,,,,,,,ZZ,Z08612103,,,,,,,,1,,,ZZZ08612103,,,,,,,,,,,,,0,0,,0,0,,,,,,35,,,,,,0,,,,,,,,,,,Z,0,,,Z,,Z0,Z3,,,,,,,,,,,,,,,,,,,,,,,,,,,,12:00:00 ZZ,,,,,,,,0,,,,0,,,,,,,0,,,,0,,,0,0,,,,,,,,,,,,,,,,,,
105,ZZ,"""ZZZZZZ ZZZZZZZ, ZZZZZZZ""",,ZZZZZZZZ,3010,3,ZZZZZZ ZZZ,ZZZZ.ZZZZZZ ZZZZZ Zº 2 ZZZ.4-4º Z,,,,2051,"""ZZZZZZ ZZZZZZZ, ZZZZZZZ""",,ZZZZZZZZ,,,,,0,0,,,0,,4/7/05,ZZZZZZZ,,,,,,,1,,,,,,,,Z2,,,,,,,,ZZ,,,,,,,,,1,,,,,,,,,,,,,,,,0,0,,0,0,,,,,,35,,,,,,0,,,,,,,,,,,Z,0,,,Z,,Z0,Z4,,,,,,,,,,,,,,,,,,,,,,,,,,,,12:00:00 ZZ,,,,,,,,0,,,,0,,,,,,,0,,,,0,,,0,0,,,,,,,,,,,,,,,,,,
106,ZZ,"""ZZZZZZZZZZ ZZZZZZ, Zª.ZZZZZ""",,ZZZZZZZZZ,20500,20,ZZZZZZZZZZ,"""ZZZZZZ ZZZZZ, 10""",999999990,999999990,,2052,"""ZZZZZZZZZZ ZZZZZZ, Zª.ZZ",,ZZZZZZZZZ,,,,,0,0,,,0,,4/7/05,ZZZZZZZ,,,,,,,1,,,,,,,,Z6,,,,,,,,ZZ,72562228Z,,,,,,,,1,,,ZZ72562228Z,,,,,,,,,,,,,0,0,,0,0,,,,,,35,,,,,,0,,,,,,,,,,,Z,0,,,Z,,Z0,Z1,,,,,,,,,,,,,,,,,,,,,,,,,,,,12:00:00 ZZ,,,,,,,,0,,,,0,,,,,,,0,,,,0,,,0,0,,,,,,,,,,,,,,,,,,
113,ZZ,ZZZZ ZZZZZZ Z Z.ZZZZ ZZZZZ,,ZZZZZZZZ,31014,31,ZZZZ ZZZZZ,"""ZZZZZZ, 7""",999990099,,,2081,ZZZZ ZZZZZZ Z Z.ZZZZ ZZZZ,,ZZZZZZZZ,,,,,0,0,,,0,,4/7/05,ZZZZZZZ,,,,,,,1,,,,,,,,Z6,,,,,,,,ZZ,Z31246036,,,,,,,,1,,,ZZZ31246036,,,,,,,,,,,,,0,0,,0,0,,,,,,35,,,,,,0,,,,,,,,,,,Z,0,,,Z,,Z0,Z1,,,,,,,,,,,,,,,,,,,,,,,,,,,,12:00:00 ZZ,,,,,,,,0,,,,0,,,,,,,0,,,,0,,,0,0,,,,,,,,,,,,,,,,,,
114,ZZ,"""ZZZZZZ ZZÑZZZ, ZZZZZ""",,ZZZZZZ,31151,31,ZZZZZZ ZZÑ,"""ZZZZZZ ZZZZZZ ZZ ZZZZZ, Z/Zº.""",999999999,,,2094,"""ZZZZZZ ZZÑZZZ, ZZZZZ""",,ZZZZZZ,,,,,0,0,,,0,,4/7/05,ZZZZZZZ,,,,,,,1,,,,,,,,Z6,,,,,,,,ZZ,15805965Z,,,,,,,,1,,,ZZ15805965Z,,,,,,,,,,,,,0,0,,0,0,,,,,,35,,,,,,0,,,,,,,,,,,Z,0,,,Z,,Z0,Z1,,,,,,,,,,,,,,,,,,,,,,,,,,,,12:00:00 ZZ,,,,,,,,0,,,,0,,,,,,,0,,,,0,,,0,0,,,,,,,,,,,,,,,,,,
125,ZZ,"""ZZZZZZZZZ ZZZZZZ, Z.Z.""",,ZZZZZZZZZZZ (ZZZZZZ),32102,32,ZZZZZZZZZ,ZZZZ. ZZ ZZZZZZZZ ZZ.250,999999099,999999990,,1566,"""ZZZZZZZZZ ZZZZZZ, Z.Z.""",,ZZZZZZZZZZZ (ZZZZZZ),,,,,8430575,0,,,6,,4/7/05,ZZZZZZZ,,,,,,,1,,10000322,,,,,,Z5,,,,,,,,ZZ,Z32175986,,,,,,,,1,,,ZZZ32175986,,,,,,,,,,,,,0,0,,0,0,,,,,,35,,,,,,0,,,,,,,,,,,Z,0,,,Z,,Z0,Z1,,,,,,,,,,,,,,,,,,,,,,,,,,,,12:00:00 ZZ,,,,,,,,0,,,,0,,,,,,,0,,,,0,,,0,0,,,,,,,,,,,,,,,,,,
129,ZZ,"""ZZZZZZZZ ZZZZZZZZ, ZZZZ ZZZZZ""",,ZZZZZZZZ,31012,31,ZZZZZZZZ Z,"""ZZZZZZ ZZZZZ, 5""",,,,2169,"""ZZZZZZZZ ZZZZZZZZ, ZZZZ",,ZZZZZZZZ,,,,,0,0,,,0,,4/7/05,ZZZZZZZ,,,,,,,1,,,,,,,,Z6,,,,,,,,ZZ,15755167Z,,,,,,,,1,,,ZZ15755167Z,,,,,,,,,,,,,0,0,,0,0,,,,,,35,,,,,,0,,,,,,,,,,,Z,0,,,Z,,Z0,Z1,,,,,,,,,,,,,,,,,,,,,,,,,,,,12:00:00 ZZ,,,,,,,,0,,,,0,,,,,,,0,,,,0,,,0,0,,,,,,,,,,,,,,,,,,
136,ZZ,"""ZZZZZZZZZZZZ ZZZZZ, Z.Z.""",,ZZZZZZ,32002,32,ZZZZZZZZZZ,"""ZZZZZZZZZ, 10 (ZZ ZZZZZ)""",,,,2057,"""ZZZZZZZZZZZZ ZZZZZ, Z.Z.",,ZZZZZZ,,,,,0,0,,,0,,4/7/05,ZZZZZZZ,,,,,,,1,,,,,,,,Z5,,,,,,,,ZZ,Z32155905,,,,,,,,1,,,ZZZ32155905,,,,,,,,,,,,,0,0,,0,0,,,,,,35,,,,,,0,,,,,,,,,,,Z,0,,,Z,,Z0,Z2,,,,,,,,,,,,,,,,,,,,,,,,,,,,12:00:00 ZZ,,,,,,,,0,,,,0,,,,,,,0,,,,0,,,0,0,,,,,,,,,,,,,,,,,,
137,ZZ,"""ZZZZZZZ, Z.Z.""",,Z'ZZZZZZZZZZ,8908,8,"""ZZZZZZZ,","""Z/ ZZ ZZZ ZZZZZZZZ, 135""",999999000,999999090,,1654,"""ZZZZZZZ, Z.Z.""",,Z'ZZZZZZZZZZ,,,,,8480004,0,,,8,,4/7/05,ZZZZZZZ,,,,,,,1,,10000033,,,,,,Z1,,,,,,,,ZZ,Z08115032,,,,,,,,1,,,ZZZ08115032,,,,,,,,,,,,,0,0,,0,0,,,,,,35,,,,,,0,,,,,,,,,,,Z,0,,,Z,,Z0,Z3,,,,,,,,,,,,,,,,,,,,,,,,,,,,12:00:00 ZZ,,,,,,,,0,,,,0,,,,,,,0,,,,0,,,0,0,,,,,,,,,,,,,,,,,,
152,ZZ,ZZZZZZ,,ZZZZZZ,48004,48,ZZZZZZ,"""ZZZZ ZZZZZZZ ZZZZZZZZZ, 4""",999999990,999999999,,1778,ZZZZZZ,,ZZZZZZ,,,,,8429194,0,,,9,,4/7/05,ZZZZZZZ,,,,,,,1,,10000307,,,,,,Z6,,,,,,,,ZZ,Z48132658,,,,,,,,1,,,ZZZ48132658,,,,,,,,,,,,,0,0,,0,0,,,,,,35,,,,,,0,,,,,,,,,,,Z,0,,,Z,,Z0,Z1,,,,,,,,,,,,,,,,,,,,,,,,,,,,12:00:00 ZZ,,,,,,,,0,,,,0,,,,,,,0,,,,0,,,0,0,,,,,,,,,,,,,,,,,,
155,ZZ,"""ZZZZZZZZZ ZZZ.ZZ ZZZZZZZZZZ,ZZ""",,ZZZZZZZ,28915,28,ZZZZZZZZZ,"""ZZZZZZZZ, 61 ZZZZZ""",999999999,999999999,,1983,"""ZZZZZZZZZ ZZZ.ZZ ZZZZZZZ",,ZZZZZZZ,,,,,0,0,,,0,,4/7/05,ZZZZZZZ,,,,,,,1,,,,,,,,Z4,,,,,,,,ZZ,Z81613911,,,,,,,,1,,,ZZZ81613911,,,,,,,,,,,,,0,0,,0,0,,,,,,35,,,,,,0,,,,,,,,,,,Z,0,,,Z,,Z0,Z3,,,,,,,,,,,,,,,,,,,,,,,,,,,,12:00:00 ZZ,,,,,,,,0,,,,0,,,,,,,0,,,,0,,,0,0,,,,,,,,,,,,,,,,,,
176,ZZ,"""ZZZZZZ, Z.Z.""",,ZZZZZZZZZ,48960,48,"""ZZZZZZ, Z",ZZZ.ZZZZZZZZ ZZZZZZ. Z 152 ZZZZ.3,999999990,999999990,,1625,"""ZZZZZZ, Z.Z.""",,ZZZZZZZZZ,,,,,0,0,,,0,,4/7/05,ZZZZZZZ,,,,,,,1,,,,,,,,Z6,,,,,,,,ZZ,Z48416168,,,,,,,,1,,,ZZZ48416168,,,,,,,,,,,,,0,0,,0,0,,,,,,35,,,,,,0,,,,,,,,,,,Z,0,,,Z,,Z0,Z2,,,,,,,,,,,,,,,,,,,,,,,,,,,,12:00:00 ZZ,,,,,,,,0,,,,0,,,,,,,0,,,,0,,,0,0,,,,,,,,,,,,,,,,,,
181,ZZ,"""ZZZZZZZZZ ZZZZZZZZZZZZ, Z.Z.""",,ZZZZZZ ZZZZ,13002,13,ZZZZZZZZZ,"""ZZZZZZZZZ ZZZZZZZ, Z/Zº.""",999990999,999999999,,2053,"""ZZZZZZZZZ ZZZZZZZZZZZZ,",,ZZZZZZ ZZZZ,,,,,8430490,25,,,9,,4/7/05,ZZZZZZZ,,,,,,,1,,10000480,,,,,,Z4,,,,,,,,ZZ,Z13202460,,,,,,,,1,,,ZZZ13202460,,,,,,,,,,,,,0,0,,0,0,,,,,,35,,,,,,0,,,,,,,,,,,Z,0,,,Z,,Z0,Z2,,,,,,,,,,,,,,,,,,,,,,,,,,,,12:00:00 ZZ,,,,,,,,0,,,,0,,,,,,,0,,,,0,,,0,0,,,,,,,,,,,,,,,,,,
192,ZZ,"""ZZZZZ, Z.Z.""",,ZZZZZZZ ZZZZZZ,28909,28,"""ZZZZZ, Z.",ZZZZZZZZZZZ Z/Z Z.2-05 Z.Z.ZZZZZZZ,999999999,999999990,,2216,"""ZZZZZ, Z.Z.""",,ZZZZZZZ ZZZZZZ,,,,,8431970,0,,,4,,4/7/05,ZZZZZZZ,,,,,,,1,,10000616,,,,,,Z4,,,,,,,,ZZ,Z28786853,,,,,,,,1,,,ZZZ28786853,,,,,,,,,,,,,0,0,,0,0,,,,,,35,,,,,,0,,,,,,,,,,,Z,0,,,Z,,Z0,Z1,,,,,,,,,,,,,,,,,,,,,,,,,,,,12:00:00 ZZ,,,,,,,,0,,,,0,,,,,,,0,,,,0,,,0,0,,,,,,,,,,,,,,,,,,
194,ZZ,"""ZZZZZZ ZZZZZZZZ, ZZZZ""",,ZZZZZZZ,4003,4,ZZZZZZ ZZZ,"""ZZZZZZZ, 32""",,,,2066,"""ZZZZZZ ZZZZZZZZ, ZZZZ""",,ZZZZZZZ,,,,,0,0,,,0,,4/7/05,ZZZZZZZ,,,,,,,1,,10000515,,,,,,Z3,,,,,,,,ZZ,27253039Z,,,,,,,,1,,,ZZ27253039Z,,,,,,,,,,,,,0,0,,0,0,,,,,,35,,,,,,0,,,,,,,,,,,Z,0,,,Z,,Z0,Z1,,,,,,,,,,,,,,,,,,,,,,,,,,,,12:00:00 ZZ,,,,,,,,0,,,,0,,,,,,,0,,,,0,,,0,0,,,,,,,,,,,,,,,,,,
202,ZZ,"""ZZZZZZZZZ ZZZZZ, Z.Z.""",,ZZ ZZZZZZZ,5192,5,ZZZZZZZZZ,"""ZZZZZZZZZ ZZZZZZZZZZ ZZ.3,800""",990999990,990999990,,1576,"""ZZZZZZZZZ ZZZZZ, Z.Z.""",,ZZ ZZZZZZZ,,,,,8424316,20505,,,8,,4/7/05,ZZZZZZZ,,,,,,,1,,,,,,,,Z4,,,,,,,,ZZ,Z05009006,,,,,,,,1,,,ZZZ05009006,,,,,,,,,,,,,0,0,,0,0,,,,,,35,,,,,,0,,,,,,,,,,,Z,0,,,Z,,Z0,Z1,,,,,,,,,,,,,,,,,,,,,,,,,,,,12:00:00 ZZ,,,,,,,,0,,,,0,,,,,,,0,,,,0,,,0,0,,,,,,,,,,,,,,,,,,
209,ZZ,"""ZZZZZZZZZ ZZZZZZZZZ, ZZZZZZ""",,ZZZ ZZZZZZZZZ,20010,20,ZZZZZZZZZ,"""ZZZZZ ZZZZZZZZZ, 1""",999999999,,,1777,"""ZZZZZZZZZ ZZZZZZZZZ, ZZZ",,ZZZ ZZZZZZZZZ,,,,,0,0,,,0,,4/7/05,ZZZZZZZ,,,,,,,1,,,,,,,,Z6,,,,,,,,ZZ,72862247Z,,,,,,,,1,,,ZZ72862247Z,,,,,,,,,,,,,0,0,,0,0,,,,,,35,,,,,,0,,,,,,,,,,,Z,0,,,Z,,Z0,Z1,,,,,,,,,,,,,,,,,,,,,,,,,,,,12:00:00 ZZ,,,,,,,,0,,,,0,,,,,,,0,,,,0,,,0,0,,,,,,,,,,,,,,,,,,
211,ZZ,"""ZZZZZZZZZ ZZZZZZ ZZZZZZZZ, Z.Z""",,ZZZZZZZ,14014,14,ZZZZZZZZZ,"""Z.Z.ZZZ ZZZZZZZZ ZZZZZZZ, 102""",999999999,999999990,,1708,"""ZZZZZZZZZ ZZZZZZ ZZZZZZZ",,ZZZZZZZ,,,,,8427040,1,,,2,,4/7/05,ZZZZZZZ,,,,,,,1,,10000615,,,,,,Z3,,,,,,,,ZZ,Z14068431,,,,,,,,1,,,ZZZ14068431,,,,,,,,,,,,,0,0,,0,0,,,,,,35,,,,,,0,,,,,,,,,,,Z,0,,,Z,,Z0,Z2,,,,,,,,,,,,,,,,,,,,,,,,,,,,12:00:00 ZZ,,,,,,,,0,,,,0,,,,,,,0,,,,0,,,0,0,,,,,,,,,,,,,,,,,,
215,ZZ,"""ZZZZZZZZ ZZZZZZZZZZ, Z.Z.""",,ZZZZZZZZZZ ZZ ZZZZZZZ,50830,50,ZZZZZZZZ Z,"""ZZZ.ZZZ.ZZZZZZZZZZ ZZ ZZZZZZZ, Z 4",999999900,,,2259,"""ZZZZZZZZ ZZZZZZZZZZ, Z.Z",,ZZZZZZZZZZ ZZ ZZZZZZZ,,,,,0,0,,,0,,4/7/05,ZZZZZZZ,,,,,,,1,,,,,,,,Z1,,,,,,,,ZZ,Z50004324,,,,,,,,1,,,ZZZ50004324,,,,,,,,,,,,,0,0,,0,0,,,,,,35,,,,,,0,,,,,,,,,,,Z,0,,,Z,,Z0,Z2,,,,,,,,,,,,,,,,,,,,,,,,,,,,12:00:00 ZZ,,,,,,,,0,,,,0,,,,,,,0,,,,0,,,0,0,,,,,,,,,,,,,,,,,,
217,ZZ,"""ZZZZZZZZZZ, Z.Z.""",,ZZZZZZZZ,30560,30,ZZZZZZZZZZ,"""ZZZZ.ZZZZZZZZ-ZZZZZZ ZZ.2,300""",909999999,999999099,,2171,"""ZZZZZZZZZZ, Z.Z.""",,ZZZZZZZZ,,,,,8430564,0,,,0,,4/7/05,ZZZZZZZ,,,,,,,1,,10000619,,,,,,Z2,,,,,,,,ZZ,Z30469399,,,,,,,,1,,,ZZZ30469399,,,,,,,,,,,,,0,0,,0,0,,,,,,35,,,,,,0,,,,,,,,,,,Z,0,,,Z,,Z0,Z1,,,,,,,,,,,,,,,,,,,,,,,,,,,,12:00:00 ZZ,,,,,,,,0,,,,0,,,,,,,0,,,,0,,,0,0,,,,,,,,,,,,,,,,,,
220,ZZ,"""ZZZZZ ZZZZZZ, ZZZZ ZZZZZZZ""",,ZZZZZZZZ,3340,3,ZZZZZ ZZZZ,"""ZZZZZZZZZ, 2""",,,,1622,"""ZZZZZ ZZZZZZ, ZZZZ ZZZZZ",,ZZZZZZZZ,,,,,0,0,,,0,,4/7/05,ZZZZZZZ,,,,,,,1,,,,,,,,Z2,,,,,,,,ZZ,74157601Z,,,,,,,,1,,,ZZ74157601Z,,,,,,,,,,,,,0,0,,0,0,,,,,,35,,,,,,0,,,,,,,,,,,Z,0,,,Z,,Z0,Z1,,,,,,,,,,,,,,,,,,,,,,,,,,,,12:00:00 ZZ,,,,,,,,0,,,,0,,,,,,,0,,,,0,,,0,0,,,,,,,,,,,,,,,,,,
221,ZZ,Z.Z.ZZZZZZZZZ-ZZZZ.ZZZZZZ,,ZZZZZZ,28906,28,ZZZZZZZZZ,"""Z.Z.Z.-ZZ.ZZZZZZZZ ZZ ZZ.16,500""",999999999,,,1639,Z.Z.ZZZZZZZZZ-ZZZZ.ZZZZZZ,,ZZZZZZ,,,,,8480015,40902,,,9,,4/7/05,ZZZZZZZ,,,,,,,1,,,,,,,,Z4,,,,,,,,ZZ,Z28425270,,,,,,,,1,,,ZZZ28425270,,,,,,,,,,,,,0,0,,0,0,,,,,,35,,,,,,0,,,,,,,,,,,Z,0,,,Z,,Z0,Z2,,,,,,,,,,,,,,,,,,,,,,,,,,,,12:00:00 ZZ,,,,,,,,0,,,,0,,,,,,,0,,,,0,,,0,0,,,,,,,,,,,,,,,,,,
238,ZZ,"""ZZÑZZZZZ ZZZZZZ, ZZZZ""",,ZZZZZZ,2400,2,ZZÑZZZZZ Z,"""ZZZZZZZZ ZZZZZZZ ZZZZZZ, 13""",9999099999,,,2207,"""ZZÑZZZZZ ZZZZZZ, ZZZZ""",,ZZZZZZ,,,,,0,0,,,0,,4/7/05,ZZZZZZZ,,,,,,,1,,,,,,,,Z2,,,,,,,,ZZ,52751770Z,,,,,,,,1,,,ZZ52751770Z,,,,,,,,,,,,,0,0,,0,0,,,,,,35,,,,,,0,,,,,,,,,,,Z,0,,,Z,,Z0,Z1,,,,,,,,,,,,,,,,,,,,,,,,,,,,12:00:00 ZZ,,,,,,,,0,,,,0,,,,,,,0,,,,0,,,0,0,,,,,,,,,,,,,,,,,,
241,ZZ,"""Z.Z.ZZZZZZZZZ,Z.Z.(ZZZZZ ZZ)""",,ZZZZZ ZZ ZZZZZZZZ,7015,7,ZZZZZZZZZ,"""ZZZZ.ZZZZZZZ ZZZZ, 54""",999909990,999900999,,1636,"""Z.Z.ZZZZZZZZZ,Z.Z.(ZZZZZ",,ZZZZZ ZZ ZZZZZZZZ,,,,,8480022,65,,,3,,4/7/05,ZZZZZZZ,,,,,,,1,,,,,,,,Z1,,,,,,,,ZZ,Z28425270,,,,,,,,1,,,ZZZ28425270,,,,,,,,,,,,,0,0,,0,0,,,,,,35,,,,,,0,,,,,,,,,,,Z,0,,,Z,,Z0,Z2,,,,,,,,,,,,,,,,,,,,,,,,,,,,12:00:00 ZZ,,,,,,,,0,,,,0,,,,,,,0,,,,0,,,0,0,,,,,,,,,,,,,,,,,,
258,ZZ,"""ZZZZZ ZZZZZZZZ, ZZZZ""",,ZZZZZZZ,41010,41,ZZZZZ ZZZZ,"""ZZZ ZZZZZZZ ZZZZ, 10-ZZZZ 4-3º-Z""",,,,2190,"""ZZZZZ ZZZZZZZZ, ZZZZ""",,ZZZZZZZ,,,,,0,0,,,0,,4/7/05,ZZZZZZZ,,,,,,,1,,,,,,,,Z3,,,,,,,,ZZ,27765835Z,,,,,,,,1,,,ZZ27765835Z,,,,,,,,,,,,,0,0,,0,0,,,,,,35,,,,,,0,,,,,,,,,,,Z,0,,,Z,,Z0,Z4,,,,,,,,,,,,,,,,,,,,,,,,,,,,12:00:00 ZZ,,,,,,,,0,,,,0,,,,,,,0,,,,0,,,0,0,,,,,,,,,,,,,,,,,,
266,ZZ,"""ZZZZZ ZZZZZZZ, ZZZ.ZZZZZZ""",,ZZZZZZ,48012,48,ZZZZZ ZZZZ,"""ZZZZZZZ ZZ ZZZZ, 4-2º""",,,,2193,"""ZZZZZ ZZZZZZZ, ZZZ.ZZZZZ",,ZZZZZZ,,,,,0,0,,,0,,4/7/05,ZZZZZZZ,,,,,,,1,,,,,,,,Z6,,,,,,,,ZZ,30556585Z,,,,,,,,1,,,ZZ30556585Z,,,,,,,,,,,,,0,0,,0,0,,,,,,35,,,,,,0,,,,,,,,,,,Z,0,,,Z,,Z0,Z1,,,,,,,,,,,,,,,,,,,,,,,,,,,,12:00:00 ZZ,,,,,,,,0,,,,0,,,,,,,0,,,,0,,,0,0,,,,,,,,,,,,,,,,,,
270,ZZ,"""ZZZZZZZ ZZZZ, Z.Z.""",,ZZZZZZZZZZ,7760,7,ZZZZZZZ ZZ,"""ZZZZ.ZZZZZZZZZZ ZZ.0,200""",999999999,999999999,,2176,"""ZZZZZZZ ZZZZ, Z.Z.""",,ZZZZZZZZZZ,,,,,8432419,494,,,2,,4/7/05,ZZZZZZZ,,,,,,,1,,10002923,,,,,,Z1,,,,,,,,ZZ,Z07814015,,,,,,,,1,,,ZZZ07814015,,,,,,,,,,,,,0,0,,0,0,,,,,,35,,,,,,0,,,,,,,,,,,Z,0,,,Z,,Z0,Z3,,,,,,,,,,,,,,,,,,,,,,,,,,,,12:00:00 ZZ,,,,,,,,0,,,,0,,,,,,,0,,,,0,,,0,0,,,,,,,,,,,,,,,,,,
272,ZZ,"""ZZZZZ ZZZZZZZZ ZZZZZZZ, Z.Z.""",,ZZZZZZZZZZ (ZZZZZZZZZ),8193,8,ZZZZZ ZZZZ,ZZZZZZZZ ZZZZZZ Zº 73,999999999,,,2204,"""ZZZZZ ZZZZZZZZ ZZZZZZZ,",,ZZZZZZZZZZ (ZZZZZZZZZ),,,,,0,0,,,0,,4/7/05,ZZZZZZZ,,,,,,,1,,,,,,,,Z1,,,,,,,,ZZ,Z59450288,,,,,,,,1,,,ZZZ59450288,,,,,,,,,,,,,0,0,,0,0,,,,,,35,,,,,,0,,,,,,,,,,,Z,0,,,Z,,Z0,Z3,,,,,,,,,,,,,,,,,,,,,,,,,,,,12:00:00 ZZ,,,,,,,,0,,,,0,,,,,,,0,,,,0,,,0,0,,,,,,,,,,,,,,,,,,
292,ZZ,"""ZZZZZZ ZZZZZZZ, ZZZZ""",,ZZ ZZZZZZZZ,33930,33,ZZZZZZ ZZZ,"""ZZZZZ ZZZZZZZ, 2""",,,,2120,"""ZZZZZZ ZZZZZZZ, ZZZZ""",,ZZ ZZZZZZZZ,,,,,0,0,,,0,,4/7/05,ZZZZZZZ,,,,,,,1,,,,,,,,Z5,,,,,,,,ZZ,10485695Z,,,,,,,,1,,,ZZ10485695Z,,,,,,,,,,,,,0,0,,0,0,,,,,,35,,,,,,0,,,,,,,,,,,Z,0,,,Z,,Z0,Z1,,,,,,,,,,,,,,,,,,,,,,,,,,,,12:00:00 ZZ,,,,,,,,0,,,,0,,,,,,,0,,,,0,,,0,0,,,,,,,,,,,,,,,,,,
299,ZZ,"""ZZZZZZZZZZZZ ZZZ ZZZZZZZZ,Z.Z.""",,ZZ ZZZZZ,4700,4,ZZZZZZZZZZ,"""ZZZZZZZZZ ZZZZZZZZZ, Z/Zº.""",990999990,990990999,,1711,"""ZZZZZZZZZZZZ ZZZ ZZZZZZZ",,ZZ ZZZZZ,,,,,8429274,0,,,4,,4/7/05,ZZZZZZZ,,,,,,,1,,10000523,,,,,,Z3,,,,,,,,ZZ,Z04189601,,,,,,,,1,,,ZZZ04189601,,,,,,,,,,,,,0,0,,0,0,,,,,,35,,,,,,0,,,,,,,,,,,Z,0,,,Z,,Z0,Z2,,,,,,,,,,,,,,,,,,,,,,,,,,,,12:00:00 ZZ,,,,,,,,0,,,,0,,,,,,,0,,,,0,,,0,0,,,,,,,,,,,,,,,,,,
305,ZZ,"""ZZZZZZZ ZZZZZZ, ZZZZZ""",,ZZZZZ,33204,33,ZZZZZZZ ZZ,"""ZZZZ.ZZZZZZZZ ZZZZZZZZZZ, 55""",999999999,,,1584,"""ZZZZZZZ ZZZZZZ, ZZZZZ""",,ZZZZZ,,,,,0,0,,,0,,4/7/05,ZZZZZZZ,,,,,,,1,,,,,,,,Z5,,,,,,,,ZZ,10315421Z,,,,,,,,1,,,ZZ10315421Z,,,,,,,,,,,,,0,0,,0,0,,,,,,35,,,,,,0,,,,,,,,,,,Z,0,,,Z,,Z0,Z1,,,,,,,,,,,,,,,,,,,,,,,,,,,,12:00:00 ZZ,,,,,,,,0,,,,0,,,,,,,0,,,,0,,,0,0,,,,,,,,,,,,,,,,,,
314,ZZ,"""Z.Z. ZZZZZZZ, Z.Z.""",,ZZZZZZZZZZZ ZZ ZZZZZ,36600,36,Z.Z. ZZZZZ,"""ZZZZ.ZZZZZZZZZZ, 96""",999999999,999909999,,1737,"""Z.Z. ZZZZZZZ, Z.Z.""",,ZZZZZZZZZZZ ZZ ZZZZZ,,,,,8430546,0,,,4,,4/7/05,ZZZZZZZ,,,,,,,1,,,,,,,,Z5,,,,,,,,ZZ,Z36263861,,,,,,,,1,,,ZZZ36263861,,,,,,,,,,,,,0,0,,0,0,,,,,,35,,,,G,,0,,,,,,,,,,,Z,0,,,Z,,Z0,Z1,,,,,,,,,,,,,,,,,,,,,,,,,,,,12:00:00 ZZ,,,,,,,,0,,,,0,,,,,,,0,,,,0,,,0,0,,,,,,,,,,,,,,,,,,
315,ZZ,"""ZZZZZZ ZZZZZ, ZZZZZZ ZZZZZZZ""",,ZZZZZ,33201,33,ZZZZZZ ZZZ,"""ZZZZZZ, 3-5""",,,,2205,"""ZZZZZZ ZZZZZ, ZZZZZZ ZZZ",,ZZZZZ,,,,,0,0,,,0,,4/7/05,ZZZZZZZ,,,,,,,1,,,,,,,,Z5,,,,,,,,ZZ,10797850Z,,,,,,,,1,,,ZZ10797850Z,,,,,,,,,,,,,0,0,,0,0,,,,,,35,,,,,,0,,,,,,,,,,,Z,0,,,Z,,Z0,Z1,,,,,,,,,,,,,,,,,,,,,,,,,,,,12:00:00 ZZ,,,,,,,,0,,,,0,,,,,,,0,,,,0,,,0,0,,,,,,,,,,,,,,,,,,
326,ZZ,"""ZZZ 4 Z 4, Z.Z.""",,ZZZZZZZ,41000,41,"""ZZZ 4 Z 4",ZZZZZZZZ ZZZZZZZ - ZZZZZZ 12,,,,2241,"""ZZZ 4 Z 4, Z.Z.""",,ZZZZZZZ,,,,,0,0,,,0,,4/7/05,ZZZZZZZ,,,,,,,1,,,,,,,,Z3,,,,,,,,ZZ,,,,,,,,,1,,,,,,,,,,,,,,,,0,0,,0,0,,,,,,35,,,,,,0,,,,,,,,,,,Z,0,,,Z,,Z0,Z1,,,,,,,,,,,,,,,,,,,,,,,,,,,,12:00:00 ZZ,,,,,,,,0,,,,0,,,,,,,0,,,,0,,,0,0,,,,,,,,,,,,,,,,,,
327,ZZ,"""ZZZZZZZ-6, Z.Z.Z.""",,ZZZ ZZZZZZ,37796,37,"""ZZZZZZZ-6",ZZZZZZZZZ ZZ ZZZZZ ZZ.5,999999999,999999999,,1752,"""ZZZZZZZ-6, Z.Z.Z.""",,ZZZ ZZZZZZ,,,,,8424316,20525,,,6,,4/7/05,ZZZZZZZ,,,,,,,1,,10000834,,,,,,Z4,,,,,,,,ZZ,Z37314101,,,,,,,,1,,,ZZZ37314101,,,,,,,,,,,,,0,0,,0,0,,,,,,35,,,,,,0,,,,,,,,,,,Z,0,,,Z,,Z0,Z1,,,,,,,,,,,,,,,,,,,,,,,,,,,,12:00:00 ZZ,,,,,,,,0,,,,0,,,,,,,0,,,,0,,,0,0,,,,,,,,,,,,,,,,,,
337,ZZ,ZZZZ.ZZZZZZZZZZZ ZZZ ZZZZZZZ,,ZZZZZZZ,23740,23,ZZZZ.ZZZZZ,ZZZZZZZZZ ZZZZZZ-ZZZZZ ZZ.323,,,,1723,ZZZZ.ZZZZZZZZZZZ ZZZ ZZZZ,,ZZZZZZZ,,,,,0,0,,,0,,4/7/05,ZZZZZZZ,,,,,,,1,,10000518,,,,,,Z3,,,,,,,,ZZ,Z23015845,,,,,,,,1,,,ZZZ23015845,,,,,,,,,,,,,0,0,,0,0,,,,,,35,,,,,,0,,,,,,,,,,,Z,0,,,Z,,Z0,Z2,,,,,,,,,,,,,,,,,,,,,,,,,,,,12:00:00 ZZ,,,,,,,,0,,,,0,,,,,,,0,,,,0,,,0,0,,,,,,,,,,,,,,,,,,
359,ZZ,"""ZZZZZZZZZZ ZZ ZZ ZZZZZZ, Z.Z.""",,ZZZZZZZZZZ,24400,24,ZZZZZZZZZZ,"""ZZZZZ ZZZ ZZZZZZZ, 13""",999999999,999999999,,2219,"""ZZZZZZZZZZ ZZ ZZ ZZZZZZ,",,ZZZZZZZZZZ,,1,,,0,0,,,0,,4/7/05,ZZZZZZZ,,1,,,,,1,,10000775,1,,,,,Z5,,,,,,,,ZZ,Z24255465,,,,,,,,1,,,ZZZ24255465,,,,,,,,,,,,,0,0,,0,0,,,,,,35,,,,,,0,,,,,,,,,,,Z,0,,,Z,,Z0,Z1,,,,,,,,,,,,,,,,,,,,,Z,,,,,,,12:00:00 ZZ,,,,,,,,0,,,,0,,,,,,,0,,,,0,,,0,0,,,,,,,,,,,,,,,,,,
363,ZZ,"""ZZZZZZ, Z.Z.""",,ZZZZZZZZZ,29200,29,"""ZZZZZZ, Z","""ZZZ.ZZZ.Z/.ZZZZZ ZZ ZZZZZ, 13""",999999999,999909990,,1589,"""ZZZZZZ, Z.Z.""",,ZZZZZZZZZ,,,,,8431965,0,,,2,,4/7/05,ZZZZZZZ,,,,,,,1,,10000555,,,,,,Z3,,,,,,,,ZZ,Z29411212,,,,,,,,1,,,ZZZ29411212,,,,,,,,,,,,,0,0,,0,0,,,,,,35,,,,,,0,,,,,,,,,,,Z,0,,,Z,,Z0,Z1,,,,,,,,,,,,,,,,,,,,,,,,,,,,12:00:00 ZZ,,,,,,,,0,,,,0,,,,,,,0,,,,0,,,0,0,,,,,,,,,,,,,,,,,,
367,ZZ,"""ZZZZ ZZZZ ZZZZZ, Z.Z.""",,ZZZZZZZ,41007,41,ZZZZ ZZZZ,"""ZZZZ.ZZ ZZ ZZZZZZ,9-Z.Z.ZZ.ZZZZZZZ",999990900,999999990,,1672,"""ZZZZ ZZZZ ZZZZZ, Z.Z.""",,ZZZZZZZ,,,,,8427160,3000,,,5,,4/7/05,ZZZZZZZ,,,,,,,1,,10000529,,,,,,Z3,,,,,,,,ZZ,Z41696949,,,,,,,,Z110,,,ZZZ41696949,,,,,,,,,,,,,0,0,,0,0,,,,,,35,,,,,,0,,,,,,,,,,,Z,0,,,Z,,Z0,Z1,,,,,,,,,,,,,,,,,,,,,,,,,,,,12:00:00 ZZ,,,,,,,,0,,,,0,,,,,,,0,,,,0,,,0,0,,,,,,,,,,,,,,,,,,
368,ZZ,"""ZZZZZZZZZ ZZZZZZZZZZZZ,Z.Z.""",,ZZZZZZZZZ,8013,8,ZZZZZZZZZ,"""ZZZZZZ ZZZZZ,101-103""",999999999,999999999,,2059,"""ZZZZZZZZZ ZZZZZZZZZZZZ,Z",,ZZZZZZZZZ,,,,,0,0,,,0,,4/7/05,ZZZZZZZ,,,,,,,1,,,,,,,,ZZ,,,,,,,,ZZ,Z08173395,,,,,,,,1,,,ZZZ08173395,,,,,,,,,,,,,0,0,,0,0,,,,,,35,,,,,,0,,,,,,,,,,,Z,0,,,Z,,Z0,Z2,,,,,,,,,,,,,,,,,,,,,,,,,,,,12:00:00 ZZ,,,,,,,,0,,,,0,,,,,,,0,,,,0,,,0,0,,,,,,,,,,,,,,,,,,
370,ZZ,"""ZZZZZ ZZZZZZZZ, Z.Z.""",,ZZZZZZZZZZZ,46837,46,ZZZZZ ZZZZ,"""Z/ ZZZ ZZZZ, 76""",999999999,999999999,,2152,"""ZZZZZ ZZZZZZZZ, Z.Z.""",,ZZZZZZZZZZZ,,,,,8424316,20517,,,1,,4/7/05,ZZZZZZZ,,,,,,,1,,,,,,,,Z2,,,,,,,,ZZ,Z96849930,,,,,,,,1,,,ZZZ96849930,,,,,,,,,,,,,0,0,,0,0,,,,,,35,,,,,,0,,,,,,,,,,,Z,0,,,Z,,Z0,Z1,,,,,,,,,,,,,,,,,,,,,,,,,,,,12:00:00 ZZ,,,,,,,,0,,,,0,,,,,,,0,,,,0,,,0,0,,,,,,,,,,,,,,,,,,
379,ZZ,"""Z.Z.ZZZZZZZZZ, Z.Z.""",,ZZZZZ (ZZZZZZ),28980,28,ZZZZZZZZZ,ZZZZZZZZZ Z.Z. ZZZZZZ ZZZ ZZZZZ,999999999,,,1631,"""Z.Z.ZZZZZZZZZ, Z.Z.""",,ZZZZZ (ZZZZZZ),,,,,8480015,10999,,,8,,4/7/05,ZZZZZZZ,,,,,,,1,,,,,,,,Z4,,,,,,,,ZZ,Z28425270,,,,,,,,1,,,ZZZ28425270,,,,,,,,,,,,,0,0,,0,0,,,,,,35,,,,,,0,,,,,,,,,,,Z,0,,,Z,,Z0,Z2,,,,,,,,,,,,,,,,,,,,,,,,,,,,12:00:00 ZZ,,,,,,,,0,,,,0,,,,,,,0,,,,0,,,0,0,,,,,,,,,,,,,,,,,,
381,ZZ,"""ZZZZZZZZ ZZZZZ, ZZZZ ZZZZ""",,ZZZZZZZZ,3340,3,ZZZZZZZZ Z,"""ZZZZZ ZZZZZ, 22""",999999099,,,1624,"""ZZZZZZZZ ZZZZZ, ZZZZ ZZZ",,ZZZZZZZZ,,,,,0,0,,,0,,4/7/05,ZZZZZZZ,,,,,,,1,,,,,,,,Z2,,,,,,,,ZZ,21991532Z,,,,,,,,1,,,ZZ21991532Z,,,,,,,,,,,,,0,0,,0,0,,,,,,35,,,,,,0,,,,,,,,,,,Z,0,,,Z,,Z0,Z1,,,,,,,,,,,,,,,,,,,,,,,,,,,,12:00:00 ZZ,,,,,,,,0,,,,0,,,,,,,0,,,,0,,,0,0,,,,,,,,,,,,,,,,,,
383,ZZ,"""ZZZZZZZ ZZZZZZZZ ZZZZZZÑZ,Z.Z.""",,ZZZZZZZZ,8734,8,ZZZZZZZ ZZ,"""ZZZZZZZZ,13-15-Z.ZZZ.Z.ZZZZ ZZZZZZ",999999999,999990999,,2070,"""ZZZZZZZ ZZZZZZZZ ZZZZZZÑ",,ZZZZZZZZ,,,,,8423129,0,,,3,,4/7/05,ZZZZZZZ,,,,,,,1,,10000541,,,,,,Z1,,,,,,,,ZZ,Z59320143,,,,,,,,1,,,ZZZ59320143,,,,,,,,,,,,,0,0,,0,0,,,,,,35,,,,,,0,,,,,,,,,,,Z,0,,,Z,,Z0,Z2,,,,,,,,,,,,,,,,,,,,,,,,,,,,12:00:00 ZZ,,,,,,,,0,,,,0,,,,,,,0,,,,0,,,0,0,,,,,,,,,,,,,,,,,,
391,ZZ,"""ZZZZZZ, Z.Z.""",,ZZZZZZZZ,8915,8,"""ZZZZZZ, Z","""ZZZZZZ, 23""",999909999,999909999,,2060,"""ZZZZZZ, Z.Z.""",,ZZZZZZZZ,,,,,0,0,,,0,,4/7/05,ZZZZZZZ,,,,,,,1,,10000641,,,,,,Z1,,,,,,,,ZZ,Z60306362,,,,,,,,1,,,ZZZ60306362,,,,,,,,,,,,,0,0,,0,0,,,,,,35,,,,,,0,,,,,,,,,,,Z,0,,,Z,,Z0,Z1,,,,,,,,,,,,,,,,,,,,,,,,,,,,12:00:00 ZZ,,,,,,,,0,,,,0,,,,,,,0,,,,0,,,0,0,,,,,,,,,,,,,,,,,,
398,ZZ,ZZZZZ ZZZZZZZZ,,ZZZ ZZZZZZ ZZ ZZZZ ZZZZZZZ,35219,35,ZZZZZ ZZZZ,ZZZZZZZZZZZZ ZZZZZZZZZZ ZZ ZZZZ,999990090,999990999,,1730,ZZZZZ ZZZZZZZZ,,ZZZ ZZZZZZ ZZ ZZZZ ZZZZZZ,,,,,0,0,,,0,,4/7/05,ZZZZZZZ,,,,,,,1,,,,,,,,Z0,,,,,,,,ZZ,Z08389363,,,,,,,,1,,,ZZZ08389363,,,,,,,,,,,,,0,0,,0,0,,,,,,35,,,,,,0,,,,,,,,,,,Z,0,,,Z,,Z0,Z1,,,,,,,,,,,,,,,,,,,,,,,,,,,,12:00:00 ZZ,,,,,,,,0,,,,0,,,,,,,0,,,,0,,,0,0,,,,,,,,,,,,,,,,,,
399,ZZ,ZZZZZ ZZZZZZZZ (ZZZZZZZZ),,ZÜZZZZ (ZZZZZZZZ),38509,38,ZZZZZ ZZZZ,ZZZ. ZZZ. ZZZZZ ZZ ZÜZZZZ Z-19,,,,2651,ZZZZZ ZZZZZZZZ (ZZZZZZZZ),,ZÜZZZZ (ZZZZZZZZ),,,,,0,0,,,0,,4/19/05,ZZZZZZZ,,,,,,,2,,,,,,,,Z0,,,,,,,,ZZ,Z08389363,,,,,,,,Z110,,,ZZZ08389363,,,,,,,,,,,,,0,0,,0,0,,,,,,35,,,,,,0,,,,,,,,,,,Z,0,,,Z,,Z0,Z1,,,,,,,,,,,,,,,,,,,,,,,,,,,,12:00:00 ZZ,,,,,,,,0,,,,0,,,,,,,0,,,,0,,,0,0,,,,,,,,,,,,,,,,,,
400,ZZ,"""ZZZZ ZZZZZ, Zª.ZZZZ""",,ZZZZZZ,3100,3,ZZZZ ZZZZZ,"""ZZZZZZZZ,2""",999999909,,,2260,"""ZZZZ ZZZZZ, Zª.ZZZZ""",,ZZZZZZ,,,,,0,0,,,0,,4/7/05,ZZZZZZZ,,,,,,,1,,,,,,,,Z2,,,,,,,,ZZ,,,,,,,,,1,,,,,,,,,,,,,,,,0,0,,0,0,,,,,,35,,,,,,0,,,,,,,,,,,Z,0,,,Z,,Z0,Z1,,,,,,,,,,,,,,,,,,,,,,,,,,,,12:00:00 ZZ,,,,,,,,0,,,,0,,,,,,,0,,,,0,,,0,0,,,,,,,,,,,,,,,,,,
410,ZZ,"""ZZZZZZ ZZZZZZZZZ.Z.,Z.Z.(9094)""",,ZZZZZZZZZ,17469,17,ZZZZZZ ZZZ,ZZZZZZZ ZZZZZZZ ZZZZZZZZZZZZZ,999999000,999999999,,2186,"""ZZZZZZ ZZZZZZZZZ.Z.,Z.Z.",,ZZZZZZZZZ,,,,,8413080,0,,,6,,4/7/05,ZZZZZZZ,,,,,,,1,,10000556,,,,,,Z1,,,,,,,,ZZ,Z17371758,,,,,,,,1,,,ZZZ17371758,,,,,,,,,,,,,0,0,,0,0,,,,,,35,,,,,,0,,,,,,,,,,,Z,0,,,Z,,Z0,Z2,,,,,,,,,,,,,,,,,,,,,,,,,,,,12:00:00 ZZ,,,,,,,,0,,,,0,,,,,,,0,,,,0,,,0,0,,,,,,,,,,,,,,,,,,
411,ZZ,"""ZZZZZZZZZZZZZ ZZZZÑZZ, Z.Z.""",,ZZZZZZZ-ZZZZZZZ,35118,35,ZZZZZZZZZZ,Z/ 6 Z-ZZZZª Z.Z. ZZ ZZZZZZZ,999999090,999999990,,2294,"""ZZZZZZZZZZZZZ ZZZZÑZZ, Z",,ZZZZZZZ-ZZZZZZZ,,,,G,8426486,11111,,,5,,4/7/05,ZZZZZZZ,,,,,,,1,,10000604,,,,,,Z0,,,,,,,,ZZ,Z35329077,,,,,,,,1,,,ZZZ35329077,,,,,,,,,,,,,0,0,,0,0,,,,,,35,,,,,,0,,,,,,,,,,,Z,0,,,Z,,Z0,Z3,,,,,,,,,,,,,,,,,,,,,,,,,,,,12:00:00 ZZ,,,,,,,,0,,,,0,,,,,,,0,,,,0,,,0,0,,,,,,,,,,,,,,,,,,
413,ZZ,"""ZZZZZZZZZZZ, Z.Z.""",,ZZZZZZZZ - ZZZZZZZZZ,35550,35,ZZZZZZZZZZ,ZZZZ.ZZZ ZZZZZZZZZZ ZZ.4,999999999,999999999,,1652,"""ZZZZZZZZZZZ, Z.Z.""",,ZZZZZZZZ - ZZZZZZZZZ,,,,,8428119,0,,,1,,4/7/05,ZZZZZZZ,,,,,,,1,,,,,,,,Z0,,,,,,,,ZZ,Z35280726,,,,,,,,1,,,ZZZ35280726,,,,,,,,,,,,,0,0,,0,0,,,,,,35,,,,,,0,,,,,,,,,,,Z,0,,,Z,,Z0,Z2,,,,,,,,,,,,,,,,,,,,,,,,,,,,12:00:00 ZZ,,,,,,,,0,,,,0,,,,,,,0,,,,0,,,0,0,,,,,,,,,,,,,,,,,,
418,ZZ,"""ZZZ ZZZZ, Z.Z.""",,ZZZZZZ ZZ ZZZZZZZZ,8519,8,"""ZZZ ZZZZ,","""ZZZZ.ZZZZZZZZ, 152 ZZ. 80""",999909999,999909999,,1627,"""ZZZ ZZZZ, Z.Z.""",,ZZZZZZ ZZ ZZZZZZZZ,,,,,8422410,1,,,2,,4/7/05,ZZZZZZZ,,,,,,,1,,10000563,,,,,,Z1,,,,,,,,ZZ,Z08665838,,,,,,,,1,,,ZZZ08665838,,,,,,,,,,,,,0,0,,0,0,,,,,,35,,,,,,0,,,,,,,,,,,Z,0,,,Z,,Z0,Z2,,,,,,,,,,,,,,,,,,,,,,,,,,,,12:00:00 ZZ,,,,,,,,0,,,,0,,,,,,,0,,,,0,,,0,0,,,,,,,,,,,,,,,,,,
440,ZZ,"""ZZZZ ZZZZ, Z.Z.""",,ZZZZZ ZZZZZZ ZZ ZZZZZZZZ,8922,8,"""ZZZZ ZZZZ","""ZZZ ZZZZZZ, 31""",999999999,999999990,,2092,"""ZZZZ ZZZZ, Z.Z.""",,ZZZZZ ZZZZZZ ZZ ZZZZZZZZ,,,,,8431967,0,,,0,,4/7/05,ZZZZZZZ,,,,,,,1,,10000302,,,,,,Z1,,,,,,,,ZZ,Z59920439,,,,,,,,1,,,ZZZ59920439,,,,,,,,,,,,,0,0,,0,0,,,,,,35,,,,,,0,,,,,,,,,,,Z,0,,,Z,,Z0,Z1,,,,,,,,,,,,,,,,,,,,,,,,,,,,12:00:00 ZZ,,,,,,,,0,,,,0,,,,,,,0,,,,0,,,0,0,,,,,,,,,,,,,,,,,,
455,ZZ,"""ZZZZZ ZZZZZZZZ, ZZZZZZZ""",,ZZZZZZZZZ,8022,8,ZZZZZ ZZZZ,"""ZZZÇZ ZZZZZZZ ZZZZZZZZ, 5""",,,,2121,"""ZZZZZ ZZZZZZZZ, ZZZZZZZ""",,ZZZZZZZZZ,,,,,0,0,,,0,,4/7/05,ZZZZZZZ,,,,,,,1,,,,,,,,ZZ,,,,,,,,ZZ,37028685Z,,,,,,,,1,,,ZZ37028685Z,,,,,,,,,,,,,0,0,,0,0,,,,,,35,,,,,,0,,,,,,,,,,,Z,0,,,Z,,Z0,Z1,,,,,,,,,,,,,,,,,,,,,,,,,,,,12:00:00 ZZ,,,,,,,,0,,,,0,,,,,,,0,,,,0,,,0,0,,,,,,,,,,,,,,,,,,
462,ZZ,"""ZZZZZZ ZZZZZZ, Z.Z.""",,ZZZZZZ ZZ ZZZZZZZ -ZZZZZZ,33424,33,ZZZZZZ ZZZ,ZZZZZ.ZZ ZZZZZ-Z/.Z.ZZZZZZZ 8,999990990,,,2159,"""ZZZZZZ ZZZZZZ, Z.Z.""",,ZZZZZZ ZZ ZZZZZZZ -ZZZZZZ,,,,,8427960,121,,,2,,4/7/05,ZZZZZZZ,,,,,,,1,,10000199,,,,,,Z5,,,,,,,,ZZ,Z33017971,,,,,,,,1,,,ZZZ33017971,,,,,,,,,,,,,0,0,,0,0,,,,,,35,,,,,,0,,,,,,,,,,,Z,0,,,Z,,Z0,Z1,,,,,,,,,,,,,,,,,,,,,,,,,,,,12:00:00 ZZ,,,,,,,,0,,,,0,,,,,,,0,,,,0,,,0,0,,,,,,,,,,,,,,,,,,
468,ZZ,"""ZZZZZZZZZ ZZZZZZZ, Z.Z.""",,ZZZZZ ZZZZ ZZ ZZZZZZZZ,38009,38,ZZZZZZZZZ,"""Z/ZZZZZZZZ ZZZZZZZZ,17 Z.Z.ZZZZZZZ",999909009,999999999,,1705,"""ZZZZZZZZZ ZZZZZZZ, Z.Z.""",,ZZZZZ ZZZZ ZZ ZZZZZZZZ,,,,,8428284,0,,,4,,4/7/05,ZZZZZZZ,,,,,,,1,,,,,,,,Z0,,,,,,,,ZZ,Z38025920,,,,,,,,1,,,ZZZ38025920,,,,,,,,,,,,,0,0,,0,0,,,,,,35,,,,,,0,,,,,,,,,,,Z,0,,,Z,,Z0,Z2,,,,,,,,,,,,,,,,,,,,,,,,,,,,12:00:00 ZZ,,,,,,,,0,,,,0,,,,,,,0,,,,0,,,0,0,,,,,,,,,,,,,,,,,,
470,ZZ,"""ZZZZZZZZZZZ ZZZZ.ZZZZZZZZZ,Z.Z""",,ZZZZZZ-ZZZZZZZ,33192,33,ZZZZZZZZZZ,ZZZZZZZZZ ZZZZZZ ZZZZZ,999999999,,,1726,"""ZZZZZZZZZZZ ZZZZ.ZZZZZZZ",,ZZZZZZ-ZZZZZZZ,,,,,0,0,,,0,,4/7/05,ZZZZZZZ,,,,,,,1,,,,,,,,Z5,,,,,,,,ZZ,Z33009374,,,,,,,,1,,,ZZZ33009374,,,,,,,,,,,,,0,0,,0,0,,,,,,35,,,,,,0,,,,,,,,,,,Z,0,,,Z,,Z0,Z2,,,,,,,,,,,,,,,,,,,,,,,,,,,,12:00:00 ZZ,,,,,,,,0,,,,0,,,,,,,0,,,,0,,,0,0,,,,,,,,,,,,,,,,,,
477,ZZ,"""ZZZZZZ ZZZZZ, Z.Z.""",,ZZZZZZ,35412,35,ZZZZZZ ZZZ,"""ZZZ ZZZZZZZZZ, 46""",999-900999,999-909999,,2283,"""ZZZZZZ ZZZZZ, Z.Z.""",,ZZZZZZ,,,,,8414190,323,,,9,,4/7/05,ZZZZZZZ,,,,,,,1,,,,,,,,Z0,,,,,,,,ZZ,Z35081850,,,,,,,,1,,,ZZZ35081850,,,,,,,,,,,,,0,0,,0,0,,,,,,35,,,,,,0,,,,,,,,,,,Z,0,,,Z,,Z0,Z2,,,,,,,,,,,,,,,,,,,,,,,,,,,,12:00:00 ZZ,,,,,,,,0,,,,0,,,,,,,0,,,,0,,,0,0,,,,,,,,,,,,,,,,,,
478,ZZ,"""ZZZZ ZZZZZZZ ZZZZZZZ, Z.Z.""",,ZZZZZZZZ-ZZZZZZZZZZZZZ,35627,35,ZZZZ ZZZZZ,ZZZZZZ ZZZZZZZ ZZZZZZZZZZ,999999999,,,2133,"""ZZZZ ZZZZZZZ ZZZZZZZ, Z.",,ZZZZZZZZ-ZZZZZZZZZZZZZ,,,,,8429523,0,,,7,,4/7/05,ZZZZZZZ,,,,,,,1,,10004482,,,,,,Z0,,,,,,,,ZZ,Z35325422,,,,,,,,1,,,ZZZ35325422,,,,,,,,,,,,,0,0,,0,0,,,,,,35,,,,,,0,,,,,,,,,,,Z,0,,,Z,,Z0,Z1,,,,,,,,,,,,,,,,,,,,,,,,,,,,12:00:00 ZZ,,,,,,,,0,,,,0,,,,,,,0,,,,0,,,0,0,,,,,,,,,,,,,,,,,,
479,ZZ,ZZZZZZZ ZZZZZZZZ ZZZZZZZZZZZ,,ZZZZZZZZ-ZZZZZZZZZ,35500,35,ZZZZZZZ ZZ,"""ZZZZZZZZ, 9""",999-999909,999-999909,,1697,ZZZZZZZ ZZZZZZZZ ZZZZZZZZ,,ZZZZZZZZ-ZZZZZZZZZ,,,,,0,0,,,0,,4/7/05,ZZZZZZZ,,,,,,,1,,,,,,,,Z0,,,,,,,,ZZ,Z35025634,,,,,,,,1,,,ZZZ35025634,,,,,,,,,,,,,0,0,,0,0,,,,,,35,,,,,,0,,,,,,,,,,,Z,0,,,Z,,Z0,Z2,,,,,,,,,,,,,,,,,,,,,,,,,,,,12:00:00 ZZ,,,,,,,,0,,,,0,,,,,,,0,,,,0,,,0,0,,,,,,,,,,,,,,,,,,
487,ZZ,"""ZZZZZZZZZ ZZZZZZZ, Z.Z.""",,ZZZ ZZZZZZZZZ ZZZZZZZZ,35100,35,ZZZZZZZZZ,ZZZZZZZ ZZZZ ZZZZZ ZZZZ,999999999,999999999,,1710,"""ZZZZZZZZZ ZZZZZZZ, Z.Z.""",,ZZZ ZZZZZZZZZ ZZZZZZZZ,,,,,0,0,,,0,,4/7/05,ZZZZZZZ,,,,,,,1,,,,,,,,Z0,,,,,,,,ZZ,Z35416585,,,,,,,,1,,,ZZZ35416585,,,,,,,,,M,,,,0,0,,0,0,,,,,,35,,,,,,0,,,,,,,,,,,Z,0,,,Z,,Z0,Z2,,,,,,,,,,,,,,,,,,,,,,,,,,,,12:00:00 ZZ,,,,,,,,0,,,,0,,,,,,,0,,,,0,,,0,0,,,,,,,,,,,,,,,,,,
489,ZZ,ZZZZZZ ZZZZ.ZZZZZZZZ Z.Z.Z.,,ZZZZ,36070,36,ZZZZZZ ZZZ,"""ZZZZÑZ ZZ ZZZZZZZZ, 13""",,,,1700,ZZZZZZ ZZZZ.ZZZZZZZZ Z.Z.,,ZZZZ,,,,,0,0,,,0,,4/7/05,ZZZZZZZ,,,,,,,1,,,,,,,,Z5,,,,,,,,ZZ,Z36600583,,,,,,,,1,,,ZZZ36600583,,,,,,,,,,,,,0,0,,0,0,,,,,,35,,,,,,0,,,,,,,,,,,Z,0,,,Z,,Z0,Z2,,,,,,,,,,,,,,,,,,,,,,,,,,,,12:00:00 ZZ,,,,,,,,0,,,,0,,,,,,,0,,,,0,,,0,0,,,,,,,,,,,,,,,,,,
498,ZZ,Z.Z.ZZZZZZZZZ-ZZZZ.ZZZ,,ZZZ ZZZZZZZZ,41700,41,ZZZZZZZZZ,"""Z.ZZZ.ZZ ZZZZ-Z/.ZZZZ ZZZZZ,47-50""",999999999,,,1643,Z.Z.ZZZZZZZZZ-ZZZZ.ZZZ,,ZZZ ZZZZZZZZ,,,,,8480015,40900,,,5,,4/7/05,ZZZZZZZ,,,,,,,1,,,,,,,,Z3,,,,,,,,ZZ,Z28425270,,,,,,,,1,,,ZZZ28425270,,,,,,,,,,,,,0,0,,0,0,,,,,,35,,,,,,0,,,,,,,,,,,Z,0,,,Z,,Z0,Z2,,,,,,,,,,,,,,,,,,,,,,,,,,,,12:00:00 ZZ,,,,,,,,0,,,,0,,,,,,,0,,,,0,,,0,0,,,,,,,,,,,,,,,,,,
500,ZZ,"""ZZZZZZZZZ ZZ ZZZZZZZ ZZZZ,Z.Z.""",,ZZZZ,36202,36,ZZZZZZZZZ,"""ZZZZZZ, 26""",,,,2284,"""ZZZZZZZZZ ZZ ZZZZZZZ ZZZ",,ZZZZ,,,,,0,0,,,0,,4/7/05,ZZZZZZZ,,,,,,,1,,,,,,,,Z5,,,,,,,,ZZ,Z36606671,,,,,,,,1,,,ZZZ36606671,,,,,,,,,,,,,0,0,,0,0,,,,,,35,,,,,,0,,,,,,,,,,,Z,0,,,Z,,Z0,Z1,,,,,,,,,,,,,,,,,,,,,,,,,,,,12:00:00 ZZ,,,,,,,,0,,,,0,,,,,,,0,,,,0,,,0,0,,,,,,,,,,,,,,,,,,
506,ZZ,Z.Z.ZZZZZZZZZ-ZZZZ.ZZZZZZZ,,ZZZZ ZZZZ ZZ ZZZZZ,46190,46,ZZZZZZZZZ,"""Z.Z.ZZZZ ZZ ZZZZ-ZZZZZZ,12-ZZZZ.Z/",999999909,,,1640,Z.Z.ZZZZZZZZZ-ZZZZ.ZZZZZZ,,ZZZZ ZZZZ ZZ ZZZZZ,,,,,8480015,40901,,,2,,4/7/05,ZZZZZZZ,,,,,,,1,,,,,,,,Z2,,,,,,,,ZZ,Z28425270,,,,,,,,1,,,ZZZ28425270,,,,,,,,,,,,,0,0,,0,0,,,,,,35,,,,,,0,,,,,,,,,,,Z,0,,,Z,,Z0,Z2,,,,,,,,,,,,,,,,,,,,,,,,,,,,12:00:00 ZZ,,,,,,,,0,,,,0,,,,,,,0,,,,0,,,0,0,,,,,,,,,,,,,,,,,,
517,ZZ,Z.Z.ZZZZZZZZZ-ZZZZ.ZZZZZZZ,,ZZZZZZZZZZZZZ,8755,8,ZZZZZZZZZ,"""Z.Z.ZZZ ZZZZZZ-Z/.ZZZZZZZZZZZ,Z/Zº",,,,1638,Z.Z.ZZZZZZZZZ-ZZZZ.ZZZZZZ,,ZZZZZZZZZZZZZ,,,,,8480015,40903,,,6,,4/7/05,ZZZZZZZ,,,,,,,1,,,,,,,,Z1,,,,,,,,ZZ,Z28425270,,,,,,,,1,,,ZZZ28425270,,,,,,,,,,,,,0,0,,0,0,,,,,,35,,,,,,0,,,,,,,,,,,Z,0,,,Z,,Z0,Z2,,,,,,,,,,,,,,,,,,,,,,,,,,,,12:00:00 ZZ,,,,,,,,0,,,,0,,,,,,,0,,,,0,,,0,0,,,,,,,,,,,,,,,,,,
518,ZZ,"""ZZZZZZ.ZZZZZZZZZZ ZZZZZZ,Z.Z.""",,ZZZZZ,33208,33,ZZZZZZ.ZZZ,"""ZZZZ.ZZZZZZZ, 140""",999999999,999999999,,2217,"""ZZZZZZ.ZZZZZZZZZZ ZZZZZZ",,ZZZZZ,,,,,8480024,519,,,9,,4/7/05,ZZZZZZZ,,,,,,,1,,10000632,,,,,,Z5,,,,,,,,ZZ,Z33767161,,,,,,,,1,,,ZZZ33767161,,,,,,,,,,,,,0,0,,0,0,,,,,,35,,,,,,0,,,,,,,,,,,Z,0,,,Z,,Z0,Z1,,,,,,,,,,,,,,,,,,,,,,,,,,,,12:00:00 ZZ,,,,,,,,0,,,,0,,,,,,,0,,,,0,,,0,0,,,,,,,,,,,,,,,,,,
525,ZZ,"""ZZZZZZ, Z.Z.""",,ZZZZZZZZZ,8004,8,"""ZZZZZZ, Z","""ZZZZZ ZZZ ZZZZZ, Zº 3-ZZZZ ZZZZZZ""",999999999,999999999,,1626,"""ZZZZZZ, Z.Z.""",,ZZZZZZZZZ,,,,,8430559,0,,,8,,4/7/05,ZZZZZZZ,,,,,,,1,,10000040,,,,,,ZZ,,,,,,,,ZZ,Z08855843,,,,,,,,1,,,ZZZ08855843,,,,,,,,,,,,,0,0,,0,0,,,,,,35,,,,,,0,,,,,,,,,,,Z,0,,,Z,,Z0,Z1,,,,,,,,,,,,,,,,,,,,,,,,,,,,12:00:00 ZZ,,,,,,,,0,,,,0,,,,,,,0,,,,0,,,0,0,,,,,,,,,,,,,,,,,,
531,ZZ,"""ZZZZZZ ZZZZZZZZZZZZZ, Z.Z. ZZZZZZZ",,ZZZZZZZZ ZZ ZZZZZZZZZ,8940,8,ZZZZZZZ,"""ZZ.ZZZZZZZZ,Z/Zº.(ZZZZZ 4 ZZZZZZZ)",999999099,,,2026,"""ZZZZZZ ZZZZZZZZZZZZZ, Z.",,ZZZZZZZZ ZZ ZZZZZZZZZ,,,,,8430339,5013,,,1,,4/7/05,ZZZZZZZ,,,,,,,1,,,,,,,,Z1,,,,,,,,ZZ,Z20372223,,,,,,,,1,,,ZZZ20372223,,,,,,,,,,,,,0,0,,0,0,,,,,,35,,,,,,0,,,,,,,,,,,Z,0,,,Z,,Z0,Z2,,,,,,,,,,,,,,,,,,,,,,,,,,,,12:00:00 ZZ,,,,,,,,0,,,,0,,,,,,,0,,,,0,,,0,0,,,,,,,,,,,,,,,,,,
536,ZZ,"""ZZZZZZ, Z.Z.""",,ZZZZZZZZZZZ ZZ ZZZZZ,36600,36,"""ZZZZZZ, Z","""ZZZZZZZZZ ZZZZ, 17""",,,,2256,"""ZZZZZZ, Z.Z.""",,ZZZZZZZZZZZ ZZ ZZZZZ,,,,,0,0,,,0,,4/7/05,ZZZZZZZ,,,,,,,1,,,,,,,,Z5,,,,,,,,ZZ,Z36023224,,,,,,,,1,,,ZZZ36023224,,,,,,,,,,,,,0,0,,0,0,,,,,,35,,,,,,0,,,,,,,,,,,Z,0,,,Z,,Z0,Z1,,,,,,,,,,,,,,,,,,,,,,,,,,,,12:00:00 ZZ,,,,,,,,0,,,,0,,,,,,,0,,,,0,,,0,0,,,,,,,,,,,,,,,,,,
545,ZZ,"""Z.Z.ZZZZZZZZZ,Z.Z.(ZZZZZZZZ)""",,ZZZZZ ZZZZZ ZZZ ZZZ,38109,38,ZZZZZZZZZ,"""ZZZZZZZZZ ZZZ ZZZ ZZ. 6,9 ZZZ.ZZZZ",999-999099,999-999099,,1637,"""Z.Z.ZZZZZZZZZ,Z.Z.(ZZZZZ",,ZZZZZ ZZZZZ ZZZ ZZZ,,,,,8480022,32999,,,0,,4/7/05,ZZZZZZZ,,,,,,,1,,,,,,,,Z0,,,,,,,,ZZ,Z28425270,,,,,,,,1,,,ZZZ28425270,,,,,,,,,,,,,0,0,,0,0,,,,,,35,,,,,,0,,,,,,,,,,,Z,0,,,Z,,Z0,Z2,,,,,,,,,,,,,,,,,,,,,,,,,,,,12:00:00 ZZ,,,,,,,,0,,,,0,,,,,,,0,,,,0,,,0,0,,,,,,,,,,,,,,,,,,
549,ZZ,"""ZZZ, Z.Z.""",,ZZZZZZZZ ZZ ZZZZZZZZZ,8940,8,"""ZZZ, Z.Z.","""ZZZZZZZ, 32 ZZZZ, 19""",999999999,,,1676,"""ZZZ, Z.Z.""",,ZZZZZZZZ ZZ ZZZZZZZZZ,,,,,0,0,,,0,,4/7/05,ZZZZZZZ,,,,,,,1,,,,,,,,Z1,,,,,,,,ZZ,Z58083619,,,,,,,,1,,,ZZZ58083619,,,,,,,,,,,,,0,0,,0,0,,,,,,35,,,,,,0,,,,,,,,,,,Z,0,,,Z,,Z0,Z1,,,,,,,,,,,,,,,,,,,,,,,,,,,,12:00:00 ZZ,,,,,,,,0,,,,0,,,,,,,0,,,,0,,,0,0,,,,,,,,,,,,,,,,,,
553,ZZ,"""ZZZZZZ ZZZZZZZZZZZZZ, Z.Z. ZZZZZZZ",,ZZZZZZZZZ,43005,43,ZZZZZZ ZZZ,"""ZZZZZ Z ZZZZZZZZZ, Z/Zº.""",999990999,,,2016,"""ZZZZZZ ZZZZZZZZZZZZZ, Z.",,ZZZZZZZZZ,,,,,8430339,5019,,,3,,4/7/05,ZZZZZZZ,,,,,,,1,,10000593,,,,,,Z1,,,,,,,,ZZ,Z20372223,,,,,,,,1,,,ZZZ20372223,,,,,,,,,,,,,0,0,,0,0,,,,,,35,,,,,,0,,,,,,,,,,,Z,0,,,Z,,Z0,Z2,,,,,,,,,,,,,,,,,,,,,,,,,,,,12:00:00 ZZ,,,,,,,,0,,,,0,,,,,,,0,,,,0,,,0,0,,,,,,,,,,,,,,,,,,
565,ZZ,"""ZZZZZZ ZZZZ, ZZZZZ""",,ZZZZZZZZ,3012,3,ZZZZZZ ZZZ,"""ZZZ ZZZZZ, 45""",9999999,,,2050,"""ZZZZZZ ZZZZ, ZZZZZ""",,ZZZZZZZZ,,,,,0,0,,,0,,4/7/05,ZZZZZZZ,,,,,,,1,,,,,,,,Z2,,,,,,,,ZZ,21486826Z,,,,,,,,1,,,ZZ21486826Z,,,,,,,,,,,,,0,0,,0,0,,,,,,35,,,,,,0,,,,,,,,,,,Z,0,,,Z,,Z0,Z1,,,,,,,,,,,,,,,,,,,,,,,,,,,,12:00:00 ZZ,,,,,,,,0,,,,0,,,,,,,0,,,,0,,,0,0,,,,,,,,,,,,,,,,,,
566,ZZ,"""ZZZZZZZZZ ZZ ZZZZZZZ, Z.Z.""",,ZZZZZZZZZ,37008,37,ZZZZZZZZZ,ZZZZZ.ZZ ZZZZZZZZ ZZZZZZZ 18 Z 47,999990099,999990090,,1571,"""ZZZZZZZZZ ZZ ZZZZZZZ, Z.",,ZZZZZZZZZ,,,,,8431806,0,,,0,,4/7/05,ZZZZZZZ,,,,,,,1,,10000557,,,,,,Z4,,,,,,,,ZZ,Z37015989,,,,,,,,1,,,ZZZ37015989,,,,,,,,,,,,,0,0,,0,0,,,,,,35,,,,,,0,,,,,,,,,,,Z,0,,,Z,,Z0,Z1,,,,,,,,,,,,,,,,,,,,,,,,,,,,12:00:00 ZZ,,,,,,,,0,,,,0,,,,,,,0,,,,0,,,0,0,,,,,,,,,,,,,,,,,,
568,ZZ,"""ZZZZ-ZZZZ, Z.Z.""",,ZZZZ ZZZZZ ZZ ZZZZZZZZZ,8980,8,"""ZZZZ-ZZZZ","""Z.ZZZZ,384-386(ZZZ.Z.ZZZZZZZZZZ)""",999999990,999999999,,1607,"""ZZZZ-ZZZZ, Z.Z.""",,ZZZZ ZZZZZ ZZ ZZZZZZZZZ,,,,,8481036,0,,,4,,4/7/05,ZZZZZZZ,,,,,,,1,,10000382,,,,,,Z1,,,,,,,,ZZ,Z08424855,,,,,,,,1,,,ZZZ08424855,,,,,,,,,,,,,0,0,,0,0,,,,,,35,,,,,,0,,,,,,,,,,,Z,0,,,Z,,Z0,Z1,,,,,,,,,,,,,,,,,,,,,,,,,,,,12:00:00 ZZ,,,,,,,,0,,,,0,,,,,,,0,,,,0,,,0,0,,,,,,,,,,,,,,,,,,
574,ZZ,"""ZZZZZZZZZZZZ ZZZZZZZZZZZZZ,Z.Z""",,ZZZZZZ,20400,20,ZZZZZZZZZZ,ZZZZZZZ Zº 17,999999999,,,1599,"""ZZZZZZZZZZZZ ZZZZZZZZZZZ",,ZZZZZZ,,,,,0,0,,,0,,4/7/05,ZZZZZZZ,,,,,,,1,,,,,,,,Z6,,,,,,,,ZZ,15217597Z,,,,,,,,1,,,ZZ15217597Z,,,,,,,,,,,,,0,0,,0,0,,,,,,35,,,,,,0,,,,,,,,,,,Z,0,,,Z,,Z0,Z1,,,,,,,,,,,,,,,,,,,,,,,,,,,,12:00:00 ZZ,,,,,,,,0,,,,0,,,,,,,0,,,,0,,,0,0,,,,,,,,,,,,,,,,,,
577,ZZ,ZZZZZZZ  ZZ ZZZZZZ,,ZZ ZZZZZZ,15407,15,ZZZZZZZ,ZZZZZ. ZZZ. ZZZZZZZZ ZZZZZZZ,999999999,999999990,,1514,ZZZZZZZ  ZZ ZZZZZZ,,ZZ ZZZZZZ,,,,,8480029,1000,,,6,,4/7/05,ZZZZZZZ,,,,,,,1,,,,,,,,Z5,,,,,,,,ZZ,Z28581882,,,,,,,,1,,,ZZZ28581882,,,,,,,,,,,,,0,0,,0,0,,,,,,35,,,,,,0,,,,,,,,,,,Z,0,,,Z,,Z0,Z2,,,,,,,,,,,,,,,,,,,,,,,,,,,,12:00:00 ZZ,,,,,,,,0,,,,0,,,,,,,0,,,,0,,,0,0,,,,,,,,,,,,,,,,,,
578,ZZ,ZZZZZZZ  ZZZZZZZZ ZZ ZZZZZZZZZZ,,ZZZZZZZZ ZZ ZZZZZZZZZZ,15703,15,ZZZZZZZ,"""ZZZ ZZ ZZZZZ, Z/Zº.""",999999099,999999999,,1515,ZZZZZZZ  ZZZZZZZZ ZZ ZZZZ,,ZZZZZZZZ ZZ ZZZZZZZZZZ,,,,,8480029,2700,,,4,,4/7/05,ZZZZZZZ,,,,,,,1,,,,,,,,Z5,,,,,,,,ZZ,Z28581882,,,,,,,,1,,,ZZZ28581882,,,,,,,,,,,,,0,0,,0,0,,,,,,35,,,,,,0,,,,,,,,,,,Z,0,,,Z,,Z0,Z2,,,,,,,,,,,,,,,,,,,,,,,,,,,,12:00:00 ZZ,,,,,,,,0,,,,0,,,,,,,0,,,,0,,,0,0,,,,,,,,,,,,,,,,,,
580,ZZ,ZZZZZZZ  ZZZZ ZZZ ZZ ZZZZZZZZZ,,ZZZZ ZZZ ZZ ZZZZZZZZZ,8830,8,ZZZZZZZ,"""ZZZZ.ZZ ZZ ZZZZZZ,Z/Zº.Z.Z.ZZZZZZZ",999909999,999909999,,1510,ZZZZZZZ  ZZZZ ZZZ ZZ ZZZZ,,ZZZZ ZZZ ZZ ZZZZZZZZZ,,,,,8480029,3100,,,1,,4/7/05,ZZZZZZZ,,,,,,,1,,,,,,,,Z1,,,,,,,,ZZ,Z28581882,,,,,,,,1,,,ZZZ28581882,,,,,,,,,,,,,0,0,,0,0,,,,,,35,,,,,,0,,,,,,,,,,,Z,0,,,Z,,Z0,Z2,,,,,,,,,,,,,,,,,,,,,,,,,,,,12:00:00 ZZ,,,,,,,,0,,,,0,,,,,,,0,,,,0,,,0,0,,,,,,,,,,,,,,,,,,
581,ZZ,ZZZZZZZ  ZZZZZZ ZZ ZZZZZZZ,,ZZZZZZ ZZ ZZZZZZZ,28805,28,ZZZZZZZ,ZZZZZZZ ZZZZZZ-ZZZZZZZZZ ZZ.34,999999990,999990999,,1527,ZZZZZZZ  ZZZZZZ ZZ ZZZZZZ,,ZZZZZZ ZZ ZZZZZZZ,,,,,8480029,1800,,,2,,4/7/05,ZZZZZZZ,,,,,,,1,,,,,,,,Z4,,,,,,,,ZZ,Z28581882,,,,,,,,1,,,ZZZ28581882,,,,,,,,,,,,,0,0,,0,0,,,,,,35,,,,,,0,,,,,,,,,,,Z,0,,,Z,,Z0,Z2,,,,,,,,,,,,,,,,,,,,,,,,,,,,12:00:00 ZZ,,,,,,,,0,,,,0,,,,,,,0,,,,0,,,0,0,,,,,,,,,,,,,,,,,,
582,ZZ,ZZZZZZZ  ZZZZZ,,ZZZZZ,33211,33,ZZZZZZZ,ZZZZ.ZZZ.630 ZZ.467,999999999,9999999900,,1534,ZZZZZZZ  ZZZZZ,,ZZZZZ,,,,,8480029,400,,,5,,4/7/05,ZZZZZZZ,,,,,,,1,,,,,,,,Z5,,,,,,,,ZZ,Z28581882,,,,,,,,1,,,ZZZ28581882,,,,,,,,,,,,,0,0,,0,0,,,,,,35,,,,,,0,,,,,,,,,,,Z,0,,,Z,,Z0,Z2,,,,,,,,,,,,,,,,,,,,,,,,,,,,12:00:00 ZZ,,,,,,,,0,,,,0,,,,,,,0,,,,0,,,0,0,,,,,,,,,,,,,,,,,,
583,ZZ,ZZZZZZZ  ZZZZZZZZ,,ZZZZZZZZ,46120,46,ZZZZZZZ,"""ZZZZZZZZZ Z-7 ZZ.4,500""",999999999,999999990,,1541,ZZZZZZZ  ZZZZZZZZ,,ZZZZZZZZ,,,,,8480029,600,,,9,,4/7/05,ZZZZZZZ,,,,,,,1,,,,,,,,Z2,,,,,,,,ZZ,Z28581882,,,,,,,,1,,,ZZZ28581882,,,,,,,,,,,,,0,0,,0,0,,,,,,35,,,,,,0,,,,,,,,,,,Z,0,,,Z,,Z0,Z2,,,,,,,,,,,,,,,,,,,,,,,,,,,,12:00:00 ZZ,,,,,,,,0,,,,0,,,,,,,0,,,,0,,,0,0,,,,,,,,,,,,,,,,,,